1.554384094272581628e+06,2.741108985755067451e+01,1.782018319423615935e+02,1.508372056476335956e+02
1.554384094272581628e+06,2.741108985755067451e+01,1.782053462401472927e+02,1.508407214490082424e+02
1.554384094272581628e+06,2.741108985755067451e+01,1.782088590744831151e+02,1.508442357863526979e+02
1.554384094272581628e+06,2.741108985755067451e+01,1.782123715497768899e+02,1.508477497645180279e+02
1.554384094272581628e+06,2.741108985755067451e+01,1.782158842249016857e+02,1.508512639426431576e+02
1.554384094272581628e+06,2.741108985755067451e+01,1.782193995935817554e+02,1.508547808154380334e+02
1.554384094272581628e+06,2.741108985755067451e+01,1.782229114643710659e+02,1.508582941888818709e+02
1.554384094272581628e+06,2.741108985755067451e+01,1.782264241798361581e+02,1.508618084073900434e+02
1.554384094272581628e+06,2.741108985755067451e+01,1.782299375533589796e+02,1.508653232842375758e+02
1.554384094272581628e+06,2.741108985755067451e+01,1.782334513127786693e+02,1.508688385472025573e+02
1.554384094272581628e+06,2.741108985755067451e+01,1.782369640682934744e+02,1.508723528058495731e+02
1.554384094272581628e+06,2.741108985755067451e+01,1.782404780406541533e+02,1.508758682818139505e+02
1.554384094272581628e+06,2.741108985755067451e+01,1.782439914670241876e+02,1.508793832116186877e+02
1.554384094272581628e+06,2.741108985755067451e+01,1.782475030591178324e+02,1.508828963063963329e+02
1.554384094272581628e+06,2.741108985755067451e+01,1.782510170710572481e+02,1.508864118220369335e+02
1.554384094272581628e+06,2.741108985755067451e+01,1.782545317399898579e+02,1.508899279950026369e+02
1.554384094272581628e+06,2.741108985755067451e+01,1.782580443885635475e+02,1.508934421467461675e+02
1.554384094272581628e+06,2.741108985755067451e+01,1.782615570503404285e+02,1.508969563117048551e+02
1.554384094272581628e+06,2.741108985755067451e+01,1.782650717582057496e+02,1.509004725236500519e+02
1.554384094272581628e+06,2.741108985755067451e+01,1.782685848189546789e+02,1.509039870877989529e+02
1.554384094272581628e+06,2.741108985755067451e+01,1.782720983498627731e+02,1.509075021223146393e+02
1.554384094272581628e+06,2.741108985755067451e+01,1.782756122665491603e+02,1.509110175427923934e+02
1.554384094272581628e+06,2.741108985755067451e+01,1.782791243503175167e+02,1.509145311295917224e+02
1.554384094272581628e+06,2.741108985755067451e+01,1.782826369039727865e+02,1.509180451865350392e+02
1.554384094272581628e+06,2.741108985755067451e+01,1.782861516890626206e+02,1.509215614758300603e+02
1.554384094272581628e+06,2.741108985755067451e+01,1.782896648279443923e+02,1.509250761182504448e+02
1.554384094272581628e+06,2.741108985755067451e+01,1.782931779798202854e+02,1.509285907736754666e+02
1.554384094272581628e+06,2.741108985755067451e+01,1.782966917874250328e+02,1.509321060851150378e+02
1.554384094272581628e+06,2.741108985755067451e+01,1.783002054212289238e+02,1.509356212227498588e+02
1.554384094272581628e+06,2.741108985755067451e+01,1.783037184251882934e+02,1.509391357302604604e+02
1.554384094272581628e+06,2.741108985755067451e+01,1.783072320844938190e+02,1.509426508934028277e+02
1.554384094272581628e+06,2.741108985755067451e+01,1.783107453005719094e+02,1.509461656131449558e+02
1.554384094272581628e+06,2.741108985755067451e+01,1.783142595447828000e+02,1.509496813614657071e+02
1.554384094272581628e+06,2.741108985755067451e+01,1.783177732420176937e+02,1.509531965626498220e+02
1.554384094272581628e+06,2.741108985755067451e+01,1.783212871384113498e+02,1.509567119630239063e+02
1.554384094272581628e+06,2.741108985755067451e+01,1.783248000322382154e+02,1.509602263604894290e+02
1.554384094272581628e+06,2.741108985755067451e+01,1.783283122968807675e+02,1.509637401285035878e+02
1.554384094272581628e+06,2.741108985755067451e+01,1.783318282608818208e+02,1.509672575974135214e+02
1.554384094272581628e+06,2.741108985755067451e+01,1.783353422073718377e+02,1.509707730480203622e+02
1.554384094272581628e+06,2.741108985755067451e+01,1.783388553381203110e+02,1.509742876825836220e+02
1.554384094272581628e+06,2.741108985755067451e+01,1.783423684814984256e+02,1.509778023297687355e+02
1.554384094272581628e+06,2.741108985755067451e+01,1.783458824654389616e+02,1.509813178178806652e+02
1.554384094272581628e+06,2.741108985755067451e+01,1.783493966483211182e+02,1.509848335050382389e+02
1.554384094272581628e+06,2.741108985755067451e+01,1.783529096425970977e+02,1.509883480030935345e+02
1.554384094272581628e+06,2.741108985755067451e+01,1.783564240368071694e+02,1.509918639017231783e+02
1.554384094272581628e+06,2.741108985755067451e+01,1.783599368693156464e+02,1.509953782380110852e+02
1.554384094272581628e+06,2.741108985755067451e+01,1.783634500874936748e+02,1.509988929601028076e+02
1.554384094272581628e+06,2.741108985755067451e+01,1.783669653461371922e+02,1.510024097235929048e+02
1.554384094272581628e+06,2.741108985755067451e+01,1.783704792296778123e+02,1.510059251113688958e+02
1.554384094272581628e+06,2.741108985755067451e+01,1.783739904569330008e+02,1.510094378418018550e+02
1.554384094272581628e+06,2.741108985755067451e+01,1.783775074064768660e+02,1.510129562968867845e+02
1.554384094272581628e+06,2.741108985755067451e+01,1.783810208725809048e+02,1.510164712671729887e+02
1.554384094272581628e+06,2.741108985755067451e+01,1.783845341643729512e+02,1.510199860630541480e+02
1.554384094272581628e+06,2.741108985755067451e+01,1.783880489355552470e+02,1.510235023389821833e+02
1.554384094272581628e+06,2.741108985755067451e+01,1.783915604113850861e+02,1.510270153181526496e+02
1.554384094272581628e+06,2.741108985755067451e+01,1.783950755799361332e+02,1.510305319916587052e+02
1.554384094272581628e+06,2.741108985755067451e+01,1.783985892937611482e+02,1.510340472098099838e+02
1.554384094272581628e+06,2.741108985755067451e+01,1.784021044861487439e+02,1.510375639071806404e+02
1.554384094272581628e+06,2.741108985755067451e+01,1.784056172906606719e+02,1.510410782157004803e+02
1.554384094272581628e+06,2.741108985755067451e+01,1.784091316804163228e+02,1.510445941100891503e+02
1.554384094272581628e+06,2.741108985755067451e+01,1.784126460820356499e+02,1.510481100164046779e+02
1.554384094272581628e+06,2.741108985755067451e+01,1.784161603087461856e+02,1.510516257478370505e+02
1.554384094272581628e+06,2.741108985755067451e+01,1.784196739079856115e+02,1.510551408514834009e+02
1.554384094272581628e+06,2.741108985755067451e+01,1.784231861330696916e+02,1.510586545804208924e+02
1.554384094272581628e+06,2.741108985755067451e+01,1.784267014081797811e+02,1.510621713606799972e+02
1.554384094272581628e+06,2.741108985755067451e+01,1.784302156824289796e+02,1.510656871395771645e+02
1.554384094272581628e+06,2.741108985755067451e+01,1.784337293292533388e+02,1.510692022909704235e+02
1.554384094272581628e+06,2.741108985755067451e+01,1.784372436269270565e+02,1.510727180934481453e+02
1.554384094272581628e+06,2.741108985755067451e+01,1.784407571107413162e+02,1.510762330817330223e+02
1.554384094272581628e+06,2.741108985755067451e+01,1.784442720705936836e+02,1.510797495466469798e+02
1.554384094272581628e+06,2.741108985755067451e+01,1.784477855778590651e+02,1.510832645584309830e+02
1.554384094272581628e+06,2.741108985755067451e+01,1.784513001089622719e+02,1.510867805944926090e+02
1.554384094272581628e+06,2.741108985755067451e+01,1.784548126276780522e+02,1.510902946173834778e+02
1.554384094272581628e+06,2.741108985755067451e+01,1.784583271821163635e+02,1.510938106768057025e+02
1.554384094272581628e+06,2.741108985755067451e+01,1.784618415612289084e+02,1.510973265609150076e+02
1.554384094272581628e+06,2.741108985755067451e+01,1.784653563254718449e+02,1.511008428302946527e+02
1.554384094272581628e+06,2.741108985755067451e+01,1.784688690779264846e+02,1.511043570870809276e+02
1.554384094272581628e+06,2.741108985755067451e+01,1.784723841295954401e+02,1.511078736440487376e+02
1.554384094272581628e+06,2.741108985755067451e+01,1.784758969053727355e+02,1.511113879241827647e+02
1.554384094272581628e+06,2.741108985755067451e+01,1.784794121665797775e+02,1.511149046907929687e+02
1.554384094272581628e+06,2.741108985755067451e+01,1.784829263504957169e+02,1.511184203797154737e+02
1.554384094272581628e+06,2.741108985755067451e+01,1.784864396118164507e+02,1.511219351456355753e+02
1.554384094272581628e+06,2.741108985755067451e+01,1.784899538956112508e+02,1.511254509345950794e+02
1.554384094272581628e+06,2.741108985755067451e+01,1.784934685645239369e+02,1.511289671087064050e+02
1.554384094272581628e+06,2.741108985755067451e+01,1.784969838819422421e+02,1.511324839316230850e+02
1.554384094272581628e+06,2.741108985755067451e+01,1.785004965513877835e+02,1.511359981055937851e+02
1.554384094272581628e+06,2.741108985755067451e+01,1.785040112540186215e+02,1.511395143135745798e+02
1.554384094272581628e+06,2.741108985755067451e+01,1.785075259678371253e+02,1.511430305327687620e+02
1.554384094272581628e+06,2.741108985755067451e+01,1.785110406928997975e+02,1.511465467631500132e+02
1.554384094272581628e+06,2.741108985755067451e+01,1.785145542316568026e+02,1.511500618067565256e+02
1.554384094272581628e+06,2.741108985755067451e+01,1.785180675945912014e+02,1.511535766746756622e+02
1.554384094272581628e+06,2.741108985755067451e+01,1.785215825400314031e+02,1.511570931255897960e+02
1.554384094272581628e+06,2.741108985755067451e+01,1.785250969357358599e+02,1.511606090266308513e+02
1.554384094272581628e+06,2.741108985755067451e+01,1.785286108930221474e+02,1.511641244890572295e+02
1.554384094272581628e+06,2.741108985755067451e+01,1.785321273311112691e+02,1.511676424333255682e+02
1.554384094272581628e+06,2.741108985755067451e+01,1.785356392903071878e+02,1.511711558969475107e+02
1.554384094272581628e+06,2.741108985755067451e+01,1.785391539170076385e+02,1.511746720291667714e+02
1.554384094272581628e+06,2.741108985755067451e+01,1.785426687416455991e+02,1.511781883593441194e+02
1.554384094272581628e+06,2.741108985755067451e+01,1.785461837640121416e+02,1.511817048874730745e+02
1.554384094272581628e+06,2.741108985755067451e+01,1.785496962169647759e+02,1.511852188451509846e+02
1.554384094272581628e+06,2.741108985755067451e+01,1.785532118969926216e+02,1.511887360311795021e+02
1.554384094272581628e+06,2.741108985755067451e+01,1.785567267651045995e+02,1.511922524049597882e+02
1.554384094272581628e+06,2.741108985755067451e+01,1.785602414570349481e+02,1.511957686025017153e+02
1.554384094272581628e+06,2.741108985755067451e+01,1.785637551502736073e+02,1.511992838010297646e+02
1.554384094272581628e+06,2.741108985755067451e+01,1.785672700507217314e+02,1.512028002072523805e+02
1.554384094272581628e+06,2.741108985755067451e+01,1.785707837656419770e+02,1.512063154275142836e+02
1.554384094272581628e+06,2.741108985755067451e+01,1.785742998836645654e+02,1.512098330518839759e+02
1.554384094272581628e+06,2.741108985755067451e+01,1.785778126110988921e+02,1.512133472842413937e+02
1.554384094272581628e+06,2.741108985755067451e+01,1.785813263583239632e+02,1.512168625369511972e+02
1.554384094272581628e+06,2.741108985755067451e+01,1.785848392946737420e+02,1.512203769782617258e+02
1.554384094272581628e+06,2.741108985755067451e+01,1.785883550810108034e+02,1.512238942710158369e+02
1.554384094272581628e+06,2.741108985755067451e+01,1.785918700562343986e+02,1.512274107521630242e+02
1.554384094272581628e+06,2.741108985755067451e+01,1.785953840333231710e+02,1.512309262348275070e+02
1.554384094272581628e+06,2.741108985755067451e+01,1.785988988426456956e+02,1.512344425500096747e+02
1.554384094272581628e+06,2.741108985755067451e+01,1.786024134752091754e+02,1.512379586885440119e+02
1.554384094272581628e+06,2.741108985755067451e+01,1.786059276712626911e+02,1.512414743901650240e+02
1.554384094272581628e+06,2.741108985755067451e+01,1.786094428858723120e+02,1.512449911111131371e+02
1.554384094272581628e+06,2.741108985755067451e+01,1.786129575499113571e+02,1.512485072810324596e+02
1.554384094272581628e+06,2.741108985755067451e+01,1.786164712159929309e+02,1.512520224527885659e+02
1.554384094272581628e+06,2.741108985755067451e+01,1.786199862749078875e+02,1.512555390178353036e+02
1.554384094272581628e+06,2.741108985755067451e+01,1.786235011569759763e+02,1.512590554060492423e+02
1.554384094272581628e+06,2.741108985755067451e+01,1.786270154157116394e+02,1.512625711706469076e+02
1.554384094272581628e+06,2.741108985755067451e+01,1.786305296848899786e+02,1.512660869457140791e+02
1.554384094272581628e+06,2.741108985755067451e+01,1.786340437772297491e+02,1.512696025440307892e+02
1.554384094272581628e+06,2.741108985755067451e+01,1.786375605287569783e+02,1.512731208024293039e+02
1.554384094272581628e+06,2.741108985755067451e+01,1.786410734468557564e+02,1.512766352261124041e+02
1.554384094272581628e+06,2.741108985755067451e+01,1.786445902183393741e+02,1.512801535045194896e+02
1.554384094272581628e+06,2.741108985755067451e+01,1.786481027112503455e+02,1.512836675027304238e+02
1.554384094272581628e+06,2.741108985755067451e+01,1.786516178622540281e+02,1.512871841602179188e+02
1.554384094272581628e+06,2.741108985755067451e+01,1.786551328362196216e+02,1.512907006405754657e+02
1.554384094272581628e+06,2.741108985755067451e+01,1.786586480074911947e+02,1.512942173182359795e+02
1.554384094272581628e+06,2.741108985755067451e+01,1.786621619945121324e+02,1.512977328112635007e+02
1.554384094272581628e+06,2.741108985755067451e+01,1.786656761788541985e+02,1.513012485017226254e+02
1.554384094272581628e+06,2.741108985755067451e+01,1.786691920125589945e+02,1.513047658423662085e+02
1.554384094272581628e+06,2.741108985755067451e+01,1.786727072239067127e+02,1.513082825601330512e+02
1.554384094272581628e+06,2.741108985755067451e+01,1.786762220705969924e+02,1.513117989132995262e+02
1.554384094272581628e+06,2.741108985755067451e+01,1.786797362948879879e+02,1.513153146438994838e+02
1.554384094272581628e+06,2.741108985755067451e+01,1.786832517230638189e+02,1.513188315787764395e+02
1.554384094272581628e+06,2.741108985755067451e+01,1.786867657802239933e+02,1.513223471421000852e+02
1.554384094272581628e+06,2.741108985755067451e+01,1.786902806663753722e+02,1.513258635348822736e+02
1.554384094272581628e+06,2.741108985755067451e+01,1.786937961239916888e+02,1.513293804993655556e+02
1.554384094272581628e+06,2.741108985755067451e+01,1.786973083856036908e+02,1.513328942665519037e+02
1.554384094272581628e+06,2.741108985755067451e+01,1.787008246818960231e+02,1.513364120700447017e+02
1.554384094272581628e+06,2.741108985755067451e+01,1.787043397944964624e+02,1.513399286893507849e+02
1.554384094272581628e+06,2.741108985755067451e+01,1.787078549166357391e+02,1.513434453183499784e+02
1.554384094272581628e+06,2.741108985755067451e+01,1.787113682240763808e+02,1.513469601318386424e+02
1.554384094272581628e+06,2.741108985755067451e+01,1.787148843714987834e+02,1.513504777864932294e+02
1.554384094272581628e+06,2.741108985755067451e+01,1.787183995225609294e+02,1.513539944445040248e+02
1.554384094272581628e+06,2.741108985755067451e+01,1.787219138649340948e+02,1.513575102934550216e+02
1.554384094272581628e+06,2.741108985755067451e+01,1.787254290353060355e+02,1.513610269707048985e+02
1.554384094272581628e+06,2.741108985755067451e+01,1.787289430223688100e+02,1.513645424642829198e+02
1.554384094272581628e+06,2.741108985755067451e+01,1.787324575810354759e+02,1.513680585296555137e+02
1.554384094272581628e+06,2.741108985755067451e+01,1.787359739725014833e+02,1.513715764286553451e+02
1.554384094272581628e+06,2.741108985755067451e+01,1.787394883629974629e+02,1.513750923257889269e+02
1.554384094272581628e+06,2.741108985755067451e+01,1.787430015703440915e+02,1.513786070396378420e+02
1.554384094272581628e+06,2.741108985755067451e+01,1.787465169850697180e+02,1.513821239614577223e+02
1.554384094272581628e+06,2.741108985755067451e+01,1.787500324091100197e+02,1.513856408926664017e+02
1.554384094272581628e+06,2.741108985755067451e+01,1.787535482852867119e+02,1.513891582762340420e+02
1.554384094272581628e+06,2.741108985755067451e+01,1.787570630977297412e+02,1.513926745957213882e+02
1.554384094272581628e+06,2.741108985755067451e+01,1.787605761655781293e+02,1.513961891699196372e+02
1.554384094272581628e+06,2.741108985755067451e+01,1.787640926313003149e+02,1.513997071435599935e+02
1.554384094272581628e+06,2.741108985755067451e+01,1.787676069099746314e+02,1.514032229290304485e+02
1.554384094272581628e+06,2.741108985755067451e+01,1.787711211978618167e+02,1.514067387238867468e+02
1.554384094272581628e+06,2.741108985755067451e+01,1.787746380659797580e+02,1.514102570999457953e+02
1.554384094272581628e+06,2.741108985755067451e+01,1.787781511807548611e+02,1.514137717212289544e+02
1.554384094272581628e+06,2.741108985755067451e+01,1.787816665005535128e+02,1.514172885485824338e+02
1.554384094272581628e+06,2.741108985755067451e+01,1.787851822043604102e+02,1.514208057599967674e+02
1.554384094272581628e+06,2.741108985755067451e+01,1.787886995504174195e+02,1.514243246143606427e+02
1.554384094272581628e+06,2.741108985755067451e+01,1.787922137061331398e+02,1.514278402770079310e+02
1.554384094272581628e+06,2.741108985755067451e+01,1.787957282457292365e+02,1.514313563238316362e+02
1.554384094272581628e+06,2.741108985755067451e+01,1.787992439857035265e+02,1.514348735714908116e+02
1.554384094272581628e+06,2.741108985755067451e+01,1.788027581686561689e+02,1.514383892615697960e+02
1.554384094272581628e+06,2.741108985755067451e+01,1.788062737390317238e+02,1.514419063397632215e+02
1.554384094272581628e+06,2.741108985755067451e+01,1.788097874987444698e+02,1.514454216066283152e+02
1.554384094272581628e+06,2.741108985755067451e+01,1.788133033409276038e+02,1.514489389565502506e+02
1.554384094272581628e+06,2.741108985755067451e+01,1.788168183096212545e+02,1.514524554328879731e+02
1.554384094272581628e+06,2.741108985755067451e+01,1.788203341033372169e+02,1.514559727343805093e+02
1.554384094272581628e+06,2.741108985755067451e+01,1.788238473367280221e+02,1.514594874749685971e+02
1.554384094272581628e+06,2.741108985755067451e+01,1.788273629607237183e+02,1.514630046067234161e+02
1.554384094272581628e+06,2.741108985755067451e+01,1.788308792213006200e+02,1.514665223755260115e+02
1.554384094272581628e+06,2.741108985755067451e+01,1.788343958654219819e+02,1.514700405280186999e+02
1.554384094272581628e+06,2.741108985755067451e+01,1.788379088817831359e+02,1.514735550513450164e+02
1.554384094272581628e+06,2.741108985755067451e+01,1.788414249805738905e+02,1.514770726585419425e+02
1.554384094272581628e+06,2.741108985755067451e+01,1.788449396453059990e+02,1.514805888308647752e+02
1.554384094272581628e+06,2.741108985755067451e+01,1.788484561362458294e+02,1.514841068303395843e+02
1.554384094272581628e+06,2.741108985755067451e+01,1.788519718207777771e+02,1.514876240229728808e+02
1.554384094272581628e+06,2.741108985755067451e+01,1.788554883287555413e+02,1.514911420393902119e+02
1.554384094272581628e+06,2.741108985755067451e+01,1.788590010231560257e+02,1.514946562409668616e+02
1.554384094272581628e+06,2.741108985755067451e+01,1.788625167333388788e+02,1.514981734594678358e+02
1.554384094272581628e+06,2.741108985755067451e+01,1.788660322644595340e+02,1.515016904988598014e+02
1.554384094272581628e+06,2.741108985755067451e+01,1.788695488061464403e+02,1.515052085491832088e+02
1.554384094272581628e+06,2.741108985755067451e+01,1.788730613481934029e+02,1.515087225983031374e+02
1.554384094272581628e+06,2.741108985755067451e+01,1.788765780943560912e+02,1.515122408531426856e+02
1.554384094272581628e+06,2.741108985755067451e+01,1.788800940343010097e+02,1.515157583016709282e+02
1.554384094272581628e+06,2.741108985755067451e+01,1.788836086056683712e+02,1.515192743811649336e+02
1.554384094272581628e+06,2.741108985755067451e+01,1.788871229979885698e+02,1.515227902815087191e+02
1.554384094272581628e+06,2.741108985755067451e+01,1.788906387755384060e+02,1.515263075676126334e+02
1.554384094272581628e+06,2.741108985755067451e+01,1.788941517446277487e+02,1.515298220441078740e+02
1.554384094272581628e+06,2.741108985755067451e+01,1.788976695416141354e+02,1.515333413506091631e+02
1.554384094272581628e+06,2.741108985755067451e+01,1.789011845303886048e+02,1.515368578476311825e+02
1.554384094272581628e+06,2.741108985755067451e+01,1.789046997781296398e+02,1.515403746038863915e+02
1.554384094272581628e+06,2.741108985755067451e+01,1.789082152216098791e+02,1.515438915560023361e+02
1.554384094272581628e+06,2.741108985755067451e+01,1.789117310485055441e+02,1.515474088916803339e+02
1.554384094272581628e+06,2.741108985755067451e+01,1.789152468834462013e+02,1.515509262355029989e+02
1.554384094272581628e+06,2.741108985755067451e+01,1.789187617257007616e+02,1.515544425861744173e+02
1.554384094272581628e+06,2.741108985755067451e+01,1.789222763884721985e+02,1.515579587573792537e+02
1.554384094272581628e+06,2.741108985755067451e+01,1.789257922477316640e+02,1.515614761256401550e+02
1.554384094272581628e+06,2.741108985755067451e+01,1.789293063014399081e+02,1.515649916876501777e+02
1.554384094272581628e+06,2.741108985755067451e+01,1.789328228020046367e+02,1.515685096975742283e+02
1.554384094272581628e+06,2.741108985755067451e+01,1.789363366845176131e+02,1.515720250882591813e+02
1.554384094272581628e+06,2.741108985755067451e+01,1.789398522005698169e+02,1.515755421132440119e+02
1.554384094272581628e+06,2.741108985755067451e+01,1.789433690998906457e+02,1.515790605223447756e+02
1.554384094272581628e+06,2.741108985755067451e+01,1.789468860072952054e+02,1.515825789391820990e+02
1.554384094272581628e+06,2.741108985755067451e+01,1.789504007341592740e+02,1.515860951749379808e+02
1.554384094272581628e+06,2.741108985755067451e+01,1.789539156570195644e+02,1.515896116064898536e+02
1.554384094272581628e+06,2.741108985755067451e+01,1.789574302120892071e+02,1.515931276704537254e+02
1.554384094272581628e+06,2.741108985755067451e+01,1.789609461504950332e+02,1.515966451182109722e+02
1.554384094272581628e+06,2.741108985755067451e+01,1.789644622843535160e+02,1.516001627615473240e+02
1.554384094272581628e+06,2.741108985755067451e+01,1.789679780505407223e+02,1.516036800370207516e+02
1.554384094272581628e+06,2.741108985755067451e+01,1.789714928245712713e+02,1.516071963202053325e+02
1.554384094272581628e+06,2.741108985755067451e+01,1.789750067947477419e+02,1.516107117991537621e+02
1.554384094272581628e+06,2.741108985755067451e+01,1.789785235835612411e+02,1.516142300977602417e+02
1.554384094272581628e+06,2.741108985755067451e+01,1.789820387565644637e+02,1.516177467800158070e+02
1.554384094272581628e+06,2.741108985755067451e+01,1.789855563717503628e+02,1.516212659055094605e+02
1.554384094272581628e+06,2.741108985755067451e+01,1.789890705605516246e+02,1.516247816034876621e+02
1.554384094272581628e+06,2.741108985755067451e+01,1.789925863801130959e+02,1.516282989326418829e+02
1.554384094272581628e+06,2.741108985755067451e+01,1.789961013957608316e+02,1.516318154577794814e+02
1.554384094272581628e+06,2.741108985755067451e+01,1.789996172301981971e+02,1.516353328020439903e+02
1.554384094272581628e+06,2.741108985755067451e+01,1.790031322612043994e+02,1.516388493424216222e+02
1.554384094272581628e+06,2.741108985755067451e+01,1.790066472995763149e+02,1.516423658904252818e+02
1.554384094272581628e+06,2.741108985755067451e+01,1.790101623454988271e+02,1.516458824460284518e+02
1.554384094272581628e+06,2.741108985755067451e+01,1.790136800191397981e+02,1.516494016303471142e+02
1.554384094272581628e+06,2.741108985755067451e+01,1.790171940813693823e+02,1.516529172019095881e+02
1.554384094272581628e+06,2.741108985755067451e+01,1.790207099602136509e+02,1.516564345908693667e+02
1.554384094272581628e+06,2.741108985755067451e+01,1.790242270326492928e+02,1.516599531737769269e+02
1.554384094272581628e+06,2.741108985755067451e+01,1.790277427380766255e+02,1.516634703893322751e+02
1.554384094272581628e+06,2.741108985755067451e+01,1.790312588265326781e+02,1.516669879879872269e+02
1.554384094272581628e+06,2.741108985755067451e+01,1.790347727378400577e+02,1.516705034090176696e+02
1.554384094272581628e+06,2.741108985755067451e+01,1.790382878431132667e+02,1.516740200239156877e+02
1.554384094272581628e+06,2.741108985755067451e+01,1.790418039530933072e+02,1.516775376444723804e+02
1.554384094272581628e+06,2.741108985755067451e+01,1.790453186967596935e+02,1.516810538980755041e+02
1.554384094272581628e+06,2.741108985755067451e+01,1.790488351968355403e+02,1.516845719089260456e+02
1.554384094272581628e+06,2.741108985755067451e+01,1.790523493330404676e+02,1.516880875548979191e+02
1.554384094272581628e+06,2.741108985755067451e+01,1.790558652839109186e+02,1.516916050162375313e+02
1.554384094272581628e+06,2.741108985755067451e+01,1.790593812415394268e+02,1.516951224846230275e+02
1.554384094272581628e+06,2.741108985755067451e+01,1.790628980155710792e+02,1.516986407698298933e+02
1.554384094272581628e+06,2.741108985755067451e+01,1.790664131778188164e+02,1.517021574424257722e+02
1.554384094272581628e+06,2.741108985755067451e+01,1.790699273499120068e+02,1.517056731245543233e+02
1.554384094272581628e+06,2.741108985755067451e+01,1.790734447087377248e+02,1.517091919945752636e+02
1.554384094272581628e+06,2.741108985755067451e+01,1.790769607009429478e+02,1.517127094978972650e+02
1.554384094272581628e+06,2.741108985755067451e+01,1.790804763243579032e+02,1.517162266320722779e+02
1.554384094272581628e+06,2.741108985755067451e+01,1.790839917093933309e+02,1.517197435278995101e+02
1.554384094272581628e+06,2.741108985755067451e+01,1.790875077223366532e+02,1.517232610518881017e+02
1.554384094272581628e+06,2.741108985755067451e+01,1.790910231211913981e+02,1.517267779616506118e+02
1.554384094272581628e+06,2.741108985755067451e+01,1.790945391477890780e+02,1.517302954993256208e+02
1.554384094272581628e+06,2.741108985755067451e+01,1.790980558012255131e+02,1.517338136645927307e+02
1.554384094272581628e+06,2.741108985755067451e+01,1.791015702241386975e+02,1.517373295980622459e+02
1.554384094272581628e+06,2.741108985755067451e+01,1.791050852745107989e+02,1.517408461592413289e+02
1.554384094272581628e+06,2.741108985755067451e+01,1.791086023240492580e+02,1.517443647206257253e+02
1.554384094272581628e+06,2.741108985755067451e+01,1.791121189478240296e+02,1.517478828561169166e+02
1.554384094272581628e+06,2.741108985755067451e+01,1.791156338298951027e+02,1.517513992494354511e+02
1.554384094272581628e+06,2.741108985755067451e+01,1.791191489068288831e+02,1.517549158375944103e+02
1.554384094272581628e+06,2.741108985755067451e+01,1.791226651744261460e+02,1.517584336169255721e+02
1.554384094272581628e+06,2.741108985755067451e+01,1.791261806407235326e+02,1.517619505946582592e+02
1.554384094272581628e+06,2.741108985755067451e+01,1.791296959254711112e+02,1.517654673909965197e+02
1.554384094272581628e+06,2.741108985755067451e+01,1.791332120246124191e+02,1.517689850019782227e+02
1.554384094272581628e+06,2.741108985755067451e+01,1.791367281299705212e+02,1.517725026194229940e+02
1.554384094272581628e+06,2.741108985755067451e+01,1.791402442419674230e+02,1.517760202433042593e+02
1.554384094272581628e+06,2.741108985755067451e+01,1.791437613554162454e+02,1.517795388694231065e+02
1.554384094272581628e+06,2.741108985755067451e+01,1.791472764846032533e+02,1.517830555102705148e+02
1.554384094272581628e+06,2.741108985755067451e+01,1.791507918081250637e+02,1.517865723457901481e+02
1.554384094272581628e+06,2.741108985755067451e+01,1.791543081336744194e+02,1.517900901833953071e+02
1.554384094272581628e+06,2.741108985755067451e+01,1.791578252722551099e+02,1.517936088346461645e+02
1.554384094272581628e+06,2.741108985755067451e+01,1.791613398076103181e+02,1.517971248821285144e+02
1.554384094272581628e+06,2.741108985755067451e+01,1.791648551567604670e+02,1.518006417433742001e+02
1.554384094272581628e+06,2.741108985755067451e+01,1.791683711309418072e+02,1.518041592299052525e+02
1.554384094272581628e+06,2.741108985755067451e+01,1.791718854977530384e+02,1.518076751086971967e+02
1.554384094272581628e+06,2.741108985755067451e+01,1.791754038498383466e+02,1.518111949742535387e+02
1.554384094272581628e+06,2.741108985755067451e+01,1.791789190356943209e+02,1.518147116725078263e+02
1.554384094272581628e+06,2.741108985755067451e+01,1.791824344155884319e+02,1.518182285652532357e+02
1.554384094272581628e+06,2.741108985755067451e+01,1.791859504203737572e+02,1.518217460826612637e+02
1.554384094272581628e+06,2.741108985755067451e+01,1.791894668069996612e+02,1.518252639825512915e+02
1.554384094272581628e+06,2.741108985755067451e+01,1.791929820174792383e+02,1.518287807056393603e+02
1.554384094272581628e+06,2.741108985755067451e+01,1.791964968042870510e+02,1.518322970050451488e+02
1.554384094272581628e+06,2.741108985755067451e+01,1.792000138268286662e+02,1.518358155412683175e+02
1.554384094272581628e+06,2.741108985755067451e+01,1.792035300492889860e+02,1.518393332771308337e+02
1.554384094272581628e+06,2.741108985755067451e+01,1.792070444779795082e+02,1.518428492185903167e+02
1.554384094272581628e+06,2.741108985755067451e+01,1.792105609005585336e+02,1.518463671547223157e+02
1.554384094272581628e+06,2.741108985755067451e+01,1.792140783228224450e+02,1.518498860908673862e+02
1.554384094272581628e+06,2.741108985755067451e+01,1.792175935748362292e+02,1.518534028563726679e+02
1.554384094272581628e+06,2.741108985755067451e+01,1.792211098266725458e+02,1.518569206218253100e+02
1.554384094272581628e+06,2.741108985755067451e+01,1.792246268893415788e+02,1.518604391986643805e+02
1.554384094272581628e+06,2.741108985755067451e+01,1.792281417304262447e+02,1.518639555528959590e+02
1.554384094272581628e+06,2.741108985755067451e+01,1.792316568174487372e+02,1.518674721537850303e+02
1.554384094272581628e+06,2.741108985755067451e+01,1.792351734682549136e+02,1.518709903190521970e+02
1.554384094272581628e+06,2.741108985755067451e+01,1.792386897486827309e+02,1.518745081134323982e+02
1.554384094272581628e+06,2.741108985755067451e+01,1.792422040478581380e+02,1.518780239266074261e+02
1.554384094272581628e+06,2.741108985755067451e+01,1.792457215210347101e+02,1.518815429141353377e+02
1.554384094272581628e+06,2.741108985755067451e+01,1.792492370130784707e+02,1.518850599205887022e+02
1.554384094272581628e+06,2.741108985755067451e+01,1.792527543084489423e+02,1.518885787308456088e+02
1.554384094272581628e+06,2.741108985755067451e+01,1.792562706165849988e+02,1.518920965533989715e+02
1.554384094272581628e+06,2.741108985755067451e+01,1.792597857486819635e+02,1.518956132001374613e+02
1.554384094272581628e+06,2.741108985755067451e+01,1.792633026324130583e+02,1.518991315988575366e+02
1.554384094272581628e+06,2.741108985755067451e+01,1.792668177757751380e+02,1.519026482568440599e+02
1.554384094272581628e+06,2.741108985755067451e+01,1.792703344821049143e+02,1.519061664782783225e+02
1.554384094272581628e+06,2.741108985755067451e+01,1.792738506286079883e+02,1.519096841400673839e+02
1.554384094272581628e+06,2.741108985755067451e+01,1.792773651727081017e+02,1.519132001988303386e+02
1.554384094272581628e+06,2.741108985755067451e+01,1.792808817067467260e+02,1.519167182483158456e+02
1.554384094272581628e+06,2.741108985755067451e+01,1.792843992383450598e+02,1.519202372955739122e+02
1.554384094272581628e+06,2.741108985755067451e+01,1.792879146023724957e+02,1.519237541749560876e+02
1.554384094272581628e+06,2.741108985755067451e+01,1.792914309635396819e+02,1.519272720520452253e+02
1.554384094272581628e+06,2.741108985755067451e+01,1.792949481338352484e+02,1.519307907381532914e+02
1.554384094272581628e+06,2.741108985755067451e+01,1.792984620948479915e+02,1.519343062146946579e+02
1.554384094272581628e+06,2.741108985755067451e+01,1.793019794635867186e+02,1.519378250996812199e+02
1.554384094272581628e+06,2.741108985755067451e+01,1.793054960337638590e+02,1.519413431862144819e+02
1.554384094272581628e+06,2.741108985755067451e+01,1.793090126092403125e+02,1.519448612779247583e+02
1.554384094272581628e+06,2.741108985755067451e+01,1.793125278216589322e+02,1.519483780061883635e+02
1.554384094272581628e+06,2.741108985755067451e+01,1.793160452098244377e+02,1.519518969114429012e+02
1.554384094272581628e+06,2.741108985755067451e+01,1.793195600063291408e+02,1.519554132238475006e+02
1.554384094272581628e+06,2.741108985755067451e+01,1.793230762245583776e+02,1.519589309592492441e+02
1.554384094272581628e+06,2.741108985755067451e+01,1.793265920228709263e+02,1.519624482736717255e+02
1.554384094272581628e+06,2.741108985755067451e+01,1.793301094302998706e+02,1.519659671989540755e+02
1.554384094272581628e+06,2.741108985755067451e+01,1.793336248612717725e+02,1.519694841466220510e+02
1.554384094272581628e+06,2.741108985755067451e+01,1.793371414759094478e+02,1.519730022790189992e+02
1.554384094272581628e+06,2.741108985755067451e+01,1.793406569167515840e+02,1.519765192368284090e+02
1.554384094272581628e+06,2.741108985755067451e+01,1.793441735414284324e+02,1.519800373791549646e+02
1.554384094272581628e+06,2.741108985755067451e+01,1.793476881897664441e+02,1.519835535446307233e+02
1.554384094272581628e+06,2.741108985755067451e+01,1.793512044469786133e+02,1.519870713198622525e+02
1.554384094272581628e+06,2.741108985755067451e+01,1.793547204728331224e+02,1.519905888632506787e+02
1.554384094272581628e+06,2.741108985755067451e+01,1.793582367394479036e+02,1.519941066481808036e+02
1.554384094272581628e+06,2.741108985755067451e+01,1.793617525861743331e+02,1.519976240129125244e+02
1.554384094272581628e+06,2.741108985755067451e+01,1.793652698520554623e+02,1.520011427978682832e+02
1.554384094272581628e+06,2.741108985755067451e+01,1.793687853310997298e+02,1.520046597951832723e+02
1.554384094272581628e+06,2.741108985755067451e+01,1.793723011917532517e+02,1.520081771744430057e+02
1.554384094272581628e+06,2.741108985755067451e+01,1.793758184715833863e+02,1.520116959732760336e+02
1.554384094272581628e+06,2.741108985755067451e+01,1.793793349543971374e+02,1.520152139750184404e+02
1.554384094272581628e+06,2.741108985755067451e+01,1.793828508284907173e+02,1.520187313684818378e+02
1.554384094272581628e+06,2.741108985755067451e+01,1.793863673198392803e+02,1.520222493795112655e+02
1.554384094272581628e+06,2.741108985755067451e+01,1.793898830148161210e+02,1.520257665938310083e+02
1.554384094272581628e+06,2.741108985755067451e+01,1.793933987146170637e+02,1.520292838128629285e+02
1.554384094272581628e+06,2.741108985755067451e+01,1.793969152193521381e+02,1.520328018376606849e+02
1.554384094272581628e+06,2.741108985755067451e+01,1.794004317288184041e+02,1.520363198669335247e+02
1.554384094272581628e+06,2.741108985755067451e+01,1.794039472526444570e+02,1.520398369111594548e+02
1.554384094272581628e+06,2.741108985755067451e+01,1.794074641477363059e+02,1.520433553266000786e+02
1.554384094272581628e+06,2.741108985755067451e+01,1.794109814702109702e+02,1.520468741699487509e+02
1.554384094272581628e+06,2.741108985755067451e+01,1.794144962065172706e+02,1.520503904270055671e+02
1.554384094272581628e+06,2.741108985755067451e+01,1.794180121254447045e+02,1.520539078665371733e+02
1.554384094272581628e+06,2.741108985755067451e+01,1.794215276710014564e+02,1.520574249333199077e+02
1.554384094272581628e+06,2.741108985755067451e+01,1.794250463755230953e+02,1.520609451601411024e+02
1.554384094272581628e+06,2.741108985755067451e+01,1.794285603298619662e+02,1.520644606350666379e+02
1.554384094272581628e+06,2.741108985755067451e+01,1.794320784765655503e+02,1.520679803042119431e+02
1.554384094272581628e+06,2.741108985755067451e+01,1.794355940392534876e+02,1.520714973883430901e+02
1.554384094272581628e+06,2.741108985755067451e+01,1.794391096051437273e+02,1.520750144768294376e+02
1.554384094272581628e+06,2.741108985755067451e+01,1.794426271522530101e+02,1.520785335467453194e+02
1.554384094272581628e+06,2.741108985755067451e+01,1.794461440925843760e+02,1.520820520095043094e+02
1.554384094272581628e+06,2.741108985755067451e+01,1.794496596709267067e+02,1.520855691106518464e+02
1.554384094272581628e+06,2.741108985755067451e+01,1.794531752532828932e+02,1.520890862160485142e+02
1.554384094272581628e+06,2.741108985755067451e+01,1.794566920161257997e+02,1.520926045025678093e+02
1.554384094272581628e+06,2.741108985755067451e+01,1.794602085941538689e+02,1.520961226044242380e+02
1.554384094272581628e+06,2.741108985755067451e+01,1.794637233892433699e+02,1.520996389229148633e+02
1.554384094272581628e+06,2.741108985755067451e+01,1.794672423276249162e+02,1.521031593862398097e+02
1.554384094272581628e+06,2.741108985755067451e+01,1.794707569422017741e+02,1.521066755243031707e+02
1.554384094272581628e+06,2.741108985755067451e+01,1.794742725475856560e+02,1.521101926544053242e+02
1.554384094272581628e+06,2.741108985755067451e+01,1.794777883457394978e+02,1.521137099773018235e+02
1.554384094272581628e+06,2.741108985755067451e+01,1.794813069206110754e+02,1.521172300783249511e+02
1.554384094272581628e+06,2.741108985755067451e+01,1.794848217389714762e+02,1.521207464215112850e+02
1.554384094272581628e+06,2.741108985755067451e+01,1.794883385351474203e+02,1.521242647437314588e+02
1.554384094272581628e+06,2.741108985755067451e+01,1.794918551465149790e+02,1.521277828809939479e+02
1.554384094272581628e+06,2.741108985755067451e+01,1.794953715725052348e+02,1.521313008332534196e+02
1.554384094272581628e+06,2.741108985755067451e+01,1.794988883787341365e+02,1.521348191667693470e+02
1.554384094272581628e+06,2.741108985755067451e+01,1.795024032156678118e+02,1.521383355298269464e+02
1.554384094272581628e+06,2.741108985755067451e+01,1.795059200292093351e+02,1.521418538709253312e+02
1.554384094272581628e+06,2.741108985755067451e+01,1.795094348732014566e+02,1.521453702418565967e+02
1.554384094272581628e+06,2.741108985755067451e+01,1.795129524917819026e+02,1.521488893884685183e+02
1.554384094272581628e+06,2.741108985755067451e+01,1.795164681394297475e+02,1.521524065650199873e+02
1.554384094272581628e+06,2.741108985755067451e+01,1.795199833717291256e+02,1.521559233250756051e+02
1.554384094272581628e+06,2.741108985755067451e+01,1.795235024057976148e+02,1.521594438890486458e+02
1.554384094272581628e+06,2.741108985755067451e+01,1.795270182529438614e+02,1.521629612653169943e+02
1.554384094272581628e+06,2.741108985755067451e+01,1.795305342923283547e+02,1.521664788340879682e+02
1.554384094272581628e+06,2.741108985755067451e+01,1.795340499569483086e+02,1.521699960288625562e+02
1.554384094272581628e+06,2.741108985755067451e+01,1.795375667996850666e+02,1.521735144023141117e+02
1.554384094272581628e+06,2.741108985755067451e+01,1.795410814851711052e+02,1.521770306180671071e+02
1.554384094272581628e+06,2.741108985755067451e+01,1.795445993202802413e+02,1.521805499845666247e+02
1.554384094272581628e+06,2.741108985755067451e+01,1.795481161726954440e+02,1.521840683682985116e+02
1.554384094272581628e+06,2.741108985755067451e+01,1.795516328384738074e+02,1.521875865665160177e+02
1.554384094272581628e+06,2.741108985755067451e+01,1.795551487107853745e+02,1.521911039711128808e+02
1.554384094272581628e+06,2.741108985755067451e+01,1.795586659906619218e+02,1.521946227839750634e+02
1.554384094272581628e+06,2.741108985755067451e+01,1.795621828543630443e+02,1.521981411809112785e+02
1.554384094272581628e+06,2.741108985755067451e+01,1.795656967644191582e+02,1.522016566244748219e+02
1.554384094272581628e+06,2.741108985755067451e+01,1.795692144298720052e+02,1.522051758246842894e+02
1.554384094272581628e+06,2.741108985755067451e+01,1.795727324758859993e+02,1.522086954056941295e+02
1.554384094272581628e+06,2.741108985755067451e+01,1.795762462063024429e+02,1.522122106707787452e+02
1.554384094272581628e+06,2.741108985755067451e+01,1.795797642578478701e+02,1.522157302580973237e+02
1.554384094272581628e+06,2.741108985755067451e+01,1.795832789792146968e+02,1.522192465152093064e+02
1.554384094272581628e+06,2.741108985755067451e+01,1.795867964684743185e+02,1.522227655418737982e+02
1.554384094272581628e+06,2.741108985755067451e+01,1.795903117615800397e+02,1.522262823723121130e+02
1.554384094272581628e+06,2.741108985755067451e+01,1.795938294454404058e+02,1.522298015938854974e+02
1.554384094272581628e+06,2.741108985755067451e+01,1.795973457684497134e+02,1.522333194556303511e+02
1.554384094272581628e+06,2.741108985755067451e+01,1.796008618652531652e+02,1.522368370914312550e+02
1.554384094272581628e+06,2.741108985755067451e+01,1.796043785705081746e+02,1.522403553370465659e+02
1.554384094272581628e+06,2.741108985755067451e+01,1.796078956569420768e+02,1.522438739634933711e+02
1.554384094272581628e+06,2.741108985755067451e+01,1.796114118010641505e+02,1.522473916480147125e+02
1.554384094272581628e+06,2.741108985755067451e+01,1.796149279069497595e+02,1.522509092958907786e+02
1.554384094272581628e+06,2.741108985755067451e+01,1.796184446216539072e+02,1.522544275530804896e+02
1.554384094272581628e+06,2.741108985755067451e+01,1.796219607328149266e+02,1.522579452068874559e+02
1.554384094272581628e+06,2.741108985755067451e+01,1.796254774520433841e+02,1.522614634697576435e+02
1.554384094272581628e+06,2.741108985755067451e+01,1.796289930006444990e+02,1.522649805623963459e+02
1.554384094272581628e+06,2.741108985755067451e+01,1.796325101017623354e+02,1.522684992088301783e+02
1.554384094272581628e+06,2.741108985755067451e+01,1.796360268267497986e+02,1.522720174799666495e+02
1.554384094272581628e+06,2.741108985755067451e+01,1.796395437430456070e+02,1.522755359427908388e+02
1.554384094272581628e+06,2.741108985755067451e+01,1.796430606604116349e+02,1.522790544082724011e+02
1.554384094272581628e+06,2.741108985755067451e+01,1.796465744411792969e+02,1.522825697366968996e+02
1.554384094272581628e+06,2.741108985755067451e+01,1.796500921571336278e+02,1.522860890020985778e+02
1.554384094272581628e+06,2.741108985755067451e+01,1.796536080974914000e+02,1.522896064921730783e+02
1.554384094272581628e+06,2.741108985755067451e+01,1.796571242277996134e+02,1.522931241740186579e+02
1.554384094272581628e+06,2.741108985755067451e+01,1.796606409662832107e+02,1.522966424636751697e+02
1.554384094272581628e+06,2.741108985755067451e+01,1.796641577051987326e+02,1.523001607558175579e+02
1.554384094272581628e+06,2.741108985755067451e+01,1.796676734630183319e+02,1.523036780673845101e+02
1.554384094272581628e+06,2.741108985755067451e+01,1.796711911872972109e+02,1.523071973474536946e+02
1.554384094272581628e+06,2.741108985755067451e+01,1.796747081199173692e+02,1.523107158359722462e+02
1.554384094272581628e+06,2.741108985755067451e+01,1.796782238816972495e+02,1.523142331550235156e+02
1.554384094272581628e+06,2.741108985755067451e+01,1.796817408163174719e+02,1.523177516483799252e+02
1.554384094272581628e+06,2.741108985755067451e+01,1.796852569595674822e+02,1.523212693505691675e+02
1.554384094272581628e+06,2.741108985755067451e+01,1.796887725359030981e+02,1.523247864879486713e+02
1.554384094272581628e+06,2.741108985755067451e+01,1.796922902668473512e+02,1.523283057817301369e+02
1.554384094272581628e+06,2.741108985755067451e+01,1.796958056197672704e+02,1.523318226979009182e+02
1.554384094272581628e+06,2.741108985755067451e+01,1.796993223709836798e+02,1.523353410138254276e+02
1.554384094272581628e+06,2.741108985755067451e+01,1.797028391236126197e+02,1.523388593319439792e+02
1.554384094272581628e+06,2.741108985755067451e+01,1.797063550831594512e+02,1.523423768592796534e+02
1.554384094272581628e+06,2.741108985755067451e+01,1.797098710438298497e+02,1.523458943889416162e+02
1.554384094272581628e+06,2.741108985755067451e+01,1.797133885902713075e+02,1.523494135064334216e+02
1.554384094272581628e+06,2.741108985755067451e+01,1.797169045518062376e+02,1.523529310404830994e+02
1.554384094272581628e+06,2.741108985755067451e+01,1.797204222882788827e+02,1.523564503510965835e+02
1.554384094272581628e+06,2.741108985755067451e+01,1.797239384403885083e+02,1.523599680785979729e+02
1.554384094272581628e+06,2.741108985755067451e+01,1.797274557987166759e+02,1.523634870147536162e+02
1.554384094272581628e+06,2.741108985755067451e+01,1.797309709693159903e+02,1.523670037649649771e+02
1.554384094272581628e+06,2.741108985755067451e+01,1.797344888962484504e+02,1.523705232724936423e+02
1.554384094272581628e+06,2.741108985755067451e+01,1.797380044800081578e+02,1.523740404408039240e+02
1.554384094272581628e+06,2.741108985755067451e+01,1.797415206334544848e+02,1.523775581787611486e+02
1.554384094272581628e+06,2.741108985755067451e+01,1.797450375764689170e+02,1.523810767107224535e+02
1.554384094272581628e+06,2.741108985755067451e+01,1.797485551228129737e+02,1.523845958471762003e+02
1.554384094272581628e+06,2.741108985755067451e+01,1.797520710853704600e+02,1.523881134017766783e+02
1.554384094272581628e+06,2.741108985755067451e+01,1.797555878386401389e+02,1.523916317500111290e+02
1.554384094272581628e+06,2.741108985755067451e+01,1.797591036100319570e+02,1.523951491192301830e+02
1.554384094272581628e+06,2.741108985755067451e+01,1.797626197592357755e+02,1.523986668688282009e+02
1.554384094272581628e+06,2.741108985755067451e+01,1.797661366984307278e+02,1.524021854117146972e+02
1.554384094272581628e+06,2.741108985755067451e+01,1.797696534484169888e+02,1.524057037670598049e+02
1.554384094272581628e+06,2.741108985755067451e+01,1.797731690254565819e+02,1.524092209543801175e+02
1.554384094272581628e+06,2.741108985755067451e+01,1.797766859611673169e+02,1.524127395023619158e+02
1.554384094272581628e+06,2.741108985755067451e+01,1.797802011239449769e+02,1.524162562806979224e+02
1.554384094272581628e+06,2.741108985755067451e+01,1.797837198261481717e+02,1.524197766031667527e+02
1.554384094272581628e+06,2.741108985755067451e+01,1.797872347954727559e+02,1.524232931957531036e+02
1.554384094272581628e+06,2.741108985755067451e+01,1.797907523231624225e+02,1.524268123516839353e+02
1.554384094272581628e+06,2.741108985755067451e+01,1.797942698488939470e+02,1.524303315089333068e+02
1.554384094272581628e+06,2.741108985755067451e+01,1.797977848097750950e+02,1.524338481065647954e+02
1.554384094272581628e+06,2.741108985755067451e+01,1.798013009389827062e+02,1.524373658750500908e+02
1.554384094272581628e+06,2.741108985755067451e+01,1.798048188330213009e+02,1.524408854151696744e+02
1.554384094272581628e+06,2.741108985755067451e+01,1.798083335959652516e+02,1.524444018285006450e+02
1.554384094272581628e+06,2.741108985755067451e+01,1.798118493341015380e+02,1.524479192230348588e+02
1.554384094272581628e+06,2.741108985755067451e+01,1.798153662375328565e+02,1.524514377878088283e+02
1.554384094272581628e+06,2.741108985755067451e+01,1.798188819662316007e+02,1.524549551852729223e+02
1.554384094272581628e+06,2.741108985755067451e+01,1.798223980694091324e+02,1.524584729628730599e+02
1.554384094272581628e+06,2.741108985755067451e+01,1.798259155587934117e+02,1.524619921321883282e+02
1.554384094272581628e+06,2.741108985755067451e+01,1.798294332290782052e+02,1.524655114919041523e+02
1.554384094272581628e+06,2.741108985755067451e+01,1.798329491251712966e+02,1.524690290840837577e+02
1.554384094272581628e+06,2.741108985755067451e+01,1.798364650149961790e+02,1.524725466776349663e+02
1.554384094272581628e+06,2.741108985755067451e+01,1.798399816852081585e+02,1.524760650619562625e+02
1.554384094272581628e+06,2.741108985755067451e+01,1.798434965808420145e+02,1.524795816793742063e+02
1.554384094272581628e+06,2.741108985755067451e+01,1.798470144013430456e+02,1.524831012341093697e+02
1.554384094272581628e+06,2.741108985755067451e+01,1.798505308574796970e+02,1.524866194324644084e+02
1.554384094272581628e+06,2.741108985755067451e+01,1.798540468938648189e+02,1.524901372215872755e+02
1.554384094272581628e+06,2.741108985755067451e+01,1.798575627266897357e+02,1.524936548225385877e+02
1.554384094272581628e+06,2.741108985755067451e+01,1.798610791464742817e+02,1.524971730241412047e+02
1.554384094272581628e+06,2.741108985755067451e+01,1.798645969110127112e+02,1.525006925837049607e+02
1.554384094272581628e+06,2.741108985755067451e+01,1.798681125181990694e+02,1.525042099984475215e+02
1.554384094272581628e+06,2.741108985755067451e+01,1.798716282962702735e+02,1.525077276037048080e+02
1.554384094272581628e+06,2.741108985755067451e+01,1.798751450367774964e+02,1.525112461879644172e+02
1.554384094272581628e+06,2.741108985755067451e+01,1.798786605897993525e+02,1.525147636058354408e+02
1.554384094272581628e+06,2.741108985755067451e+01,1.798821763116596628e+02,1.525182812141598561e+02
1.554384094272581628e+06,2.741108985755067451e+01,1.798856939657687803e+02,1.525218007788082843e+02
1.554384094272581628e+06,2.741108985755067451e+01,1.798892076891420686e+02,1.525253164337831322e+02
1.554384094272581628e+06,2.741108985755067451e+01,1.798927260784610098e+02,1.525288367880361875e+02
1.554384094272581628e+06,2.741108985755067451e+01,1.798962424846960459e+02,1.525323551878741455e+02
1.554384094272581628e+06,2.741108985755067451e+01,1.798997570917493363e+02,1.525358718232610329e+02
1.554384094272581628e+06,2.741108985755067451e+01,1.799032724508539900e+02,1.525393892474416191e+02
1.554384094272581628e+06,2.741108985755067451e+01,1.799067916758474155e+02,1.525429105810126771e+02
1.554384094272581628e+06,2.741108985755067451e+01,1.799103071339803819e+02,1.525464281959644381e+02
1.554384094272581628e+06,2.741108985755067451e+01,1.799138223526026366e+02,1.525499456222111121e+02
1.554384094272581628e+06,2.741108985755067451e+01,1.799173386763703206e+02,1.525534642155860752e+02
1.554384094272581628e+06,2.741108985755067451e+01,1.799208535771337267e+02,1.525569814537188051e+02
1.554384094272581628e+06,2.741108985755067451e+01,1.799243689716035419e+02,1.525604992610704471e+02
1.554384094272581628e+06,2.741108985755067451e+01,1.799278852525861225e+02,1.525640180457348833e+02
1.554384094272581628e+06,2.741108985755067451e+01,1.799314018406617777e+02,1.525675372388537028e+02
1.554384094272581628e+06,2.741108985755067451e+01,1.799349139984818180e+02,1.525710521185952473e+02
1.554384094272581628e+06,2.741108985755067451e+01,1.799384303280930908e+02,1.525745713126545127e+02
1.554384094272581628e+06,2.741108985755067451e+01,1.799419460909679458e+02,1.525780900992722309e+02
1.554384094272581628e+06,2.741108985755067451e+01,1.799454610837549922e+02,1.525816083176339362e+02
1.554384094272581628e+06,2.741108985755067451e+01,1.799489762201568226e+02,1.525851269154281908e+02
1.554384094272581628e+06,2.741108985755067451e+01,1.799524899095633543e+02,1.525886443479752757e+02
1.554384094272581628e+06,2.741108985755067451e+01,1.799560043967784964e+02,1.525921629464686760e+02
1.554384094272581628e+06,2.741108985755067451e+01,1.799595174600246139e+02,1.525956805693958813e+02
1.554384094272581628e+06,2.741108985755067451e+01,1.799630315118946839e+02,1.525991997650807264e+02
1.554384094272581628e+06,2.741108985755067451e+01,1.799665430388891707e+02,1.526027171990448608e+02
1.554384094272581628e+06,2.741108985755067451e+01,1.799700529447447082e+02,1.526062340369666686e+02
1.554384094272581628e+06,2.741108985755067451e+01,1.799735631571898011e+02,1.526097526367903754e+02
1.554384094272581628e+06,2.741108985755067451e+01,1.799770710840031143e+02,1.526132710471484586e+02
1.554384094272581628e+06,2.741108985755067451e+01,1.799805755655302448e+02,1.526167892679963245e+02
1.554384094272581628e+06,2.741108985755067451e+01,1.799840738790157957e+02,1.526203067032919023e+02
1.554384094272581628e+06,2.741108985755067451e+01,1.799875634192726181e+02,1.526238253035658374e+02
1.554384094272581628e+06,2.741108985755067451e+01,1.799910315294103214e+02,1.526273440934966175e+02
1.554384094272581628e+06,2.741108985755067451e+01,1.799944374451269766e+02,1.526308626938110251e+02
1.554384094272581628e+06,2.741108985755067451e+01,1.799975105512305049e+02,1.526343795339861060e+02
1.554384094272581628e+06,2.741108985755067451e+01,1.799975164047473868e+02,1.526378965906852727e+02
1.554384094272581628e+06,2.741108985755067451e+01,1.799944437887624531e+02,1.526414150014512074e+02
1.554384094272581628e+06,2.741108985755067451e+01,1.799910379327800456e+02,1.526449337914158662e+02
1.554384094272581628e+06,2.741108985755067451e+01,1.799875700401156564e+02,1.526484523916013529e+02
1.554384094272581628e+06,2.741108985755067451e+01,1.799840834350150374e+02,1.526519680683057913e+02
1.554384094272581628e+06,2.741108985755067451e+01,1.799805816751164969e+02,1.526554890224562371e+02
1.554384094272581628e+06,2.741108985755067451e+01,1.799770771838073244e+02,1.526590072427170810e+02
1.554384094272581628e+06,2.741108985755067451e+01,1.799735679296457818e+02,1.526625270059589354e+02
1.554384094272581628e+06,2.741108985755067451e+01,1.799700596547897646e+02,1.526660436568052432e+02
1.554384094272581628e+06,2.741108985755067451e+01,1.799665497447964810e+02,1.526695604974108562e+02
1.554384094272581628e+06,2.741108985755067451e+01,1.799630372442030364e+02,1.526730789064910709e+02
1.554384094272581628e+06,2.741108985755067451e+01,1.799595239769645048e+02,1.526765973152182312e+02
1.554384094272581628e+06,2.741108985755067451e+01,1.799560093519788779e+02,1.526801165075934819e+02
1.554384094272581628e+06,2.741108985755067451e+01,1.799524964191564891e+02,1.526836335372955205e+02
1.554384094272581628e+06,2.741108985755067451e+01,1.799489817687341997e+02,1.526871519449035759e+02
1.554384094272581628e+06,2.741108985755067451e+01,1.799454676048459305e+02,1.526906695683045143e+02
1.554384094272581628e+06,2.741108985755067451e+01,1.799419516413285294e+02,1.526941887587156543e+02
1.554384094272581628e+06,2.741108985755067451e+01,1.799384358841498681e+02,1.526977075443599290e+02
1.554384094272581628e+06,2.741108985755067451e+01,1.799349232548466944e+02,1.527012230303215006e+02
1.554384094272581628e+06,2.741108985755067451e+01,1.799314062250113864e+02,1.527047427882931458e+02
1.554384094272581628e+06,2.741108985755067451e+01,1.799278908042276157e+02,1.527082608134173256e+02
1.554384094272581628e+06,2.741108985755067451e+01,1.799243754931430601e+02,1.527117786240227986e+02
1.554384094272581628e+06,2.741108985755067451e+01,1.799208585333275039e+02,1.527152980003720302e+02
1.554384094272581628e+06,2.741108985755067451e+01,1.799173436268869182e+02,1.527188152405237815e+02
1.554384094272581628e+06,2.741108985755067451e+01,1.799138280884800452e+02,1.527223330495060907e+02
1.554384094272581628e+06,2.741108985755067451e+01,1.799103109255890445e+02,1.527258524235927837e+02
1.554384094272581628e+06,2.741108985755067451e+01,1.799067966248486528e+02,1.527293688791863531e+02
1.554384094272581628e+06,2.741108985755067451e+01,1.799032801433687894e+02,1.527328874690286113e+02
1.554384094272581628e+06,2.741108985755067451e+01,1.798997645905249954e+02,1.527364050857308655e+02
1.554384094272581628e+06,2.741108985755067451e+01,1.798962472517632420e+02,1.527399244564915932e+02
1.554384094272581628e+06,2.741108985755067451e+01,1.798927298760616793e+02,1.527434438262202718e+02
1.554384094272581628e+06,2.741108985755067451e+01,1.798892153847884856e+02,1.527469602786334804e+02
1.554384094272581628e+06,2.741108985755067451e+01,1.798856997053750035e+02,1.527504778923206743e+02
1.554384094272581628e+06,2.741108985755067451e+01,1.798821820595375982e+02,1.527539974490798613e+02
1.554384094272581628e+06,2.741108985755067451e+01,1.798786680844064563e+02,1.527575133072668621e+02
1.554384094272581628e+06,2.741108985755067451e+01,1.798751515552875162e+02,1.527610317005120919e+02
1.554384094272581628e+06,2.741108985755067451e+01,1.798716359795634219e+02,1.527645491210920454e+02
1.554384094272581628e+06,2.741108985755067451e+01,1.798681201960643818e+02,1.527680667306703413e+02
1.554384094272581628e+06,2.741108985755067451e+01,1.798646026436402678e+02,1.527715860924418223e+02
1.554384094272581628e+06,2.741108985755067451e+01,1.798610842998912460e+02,1.527751062344507886e+02
1.554384094272581628e+06,2.741108985755067451e+01,1.798575690644688621e+02,1.527786232493160128e+02
1.554384094272581628e+06,2.741108985755067451e+01,1.798540526341623149e+02,1.527821414462801499e+02
1.554384094272581628e+06,2.741108985755067451e+01,1.798505377533844865e+02,1.527856580796004948e+02
1.554384094272581628e+06,2.741108985755067451e+01,1.798470193613820243e+02,1.527891782164237782e+02
1.554384094272581628e+06,2.741108985755067451e+01,1.798435040820867812e+02,1.527926952274915777e+02
1.554384094272581628e+06,2.741108985755067451e+01,1.798399883921505875e+02,1.527962126388093509e+02
1.554384094272581628e+06,2.741108985755067451e+01,1.798364707548400929e+02,1.527997319905695122e+02
1.554384094272581628e+06,2.741108985755067451e+01,1.798329550498115736e+02,1.528032493994723495e+02
1.554384094272581628e+06,2.741108985755067451e+01,1.798294381776100863e+02,1.528067679677469926e+02
1.554384094272581628e+06,2.741108985755067451e+01,1.798259205192883599e+02,1.528102873152463417e+02
1.554384094272581628e+06,2.741108985755067451e+01,1.798224053846949744e+02,1.528138041297970062e+02
1.554384094272581628e+06,2.741108985755067451e+01,1.798188886861661047e+02,1.528173225040816021e+02
1.554384094272581628e+06,2.741108985755067451e+01,1.798153719805891626e+02,1.528208408769252173e+02
1.554384094272581628e+06,2.741108985755067451e+01,1.798118550824766260e+02,1.528243594382632864e+02
1.554384094272581628e+06,2.741108985755067451e+01,1.798083393377639823e+02,1.528278768380769748e+02
1.554384094272581628e+06,2.741108985755067451e+01,1.798048226193471635e+02,1.528313952065323065e+02
1.554384094272581628e+06,2.741108985755067451e+01,1.798013057083634294e+02,1.528349137634202179e+02
1.554384094272581628e+06,2.741108985755067451e+01,1.797977889844205492e+02,1.528384321287608998e+02
1.554384094272581628e+06,2.741108985755067451e+01,1.797942722574256891e+02,1.528419504925014962e+02
1.554384094272581628e+06,2.741108985755067451e+01,1.797907561157426528e+02,1.528454682649736753e+02
1.554384094272581628e+06,2.741108985755067451e+01,1.797872411304918785e+02,1.528489848764389194e+02
1.554384094272581628e+06,2.741108985755067451e+01,1.797837238046786581e+02,1.528525038249436534e+02
1.554384094272581628e+06,2.741108985755067451e+01,1.797802066879116012e+02,1.528560225622302937e+02
1.554384094272581628e+06,2.741108985755067451e+01,1.797766887906546174e+02,1.528595420770731721e+02
1.554384094272581628e+06,2.741108985755067451e+01,1.797731747652162255e+02,1.528630577131980317e+02
1.554384094272581628e+06,2.741108985755067451e+01,1.797696578322975540e+02,1.528665762554084040e+02
1.554384094272581628e+06,2.741108985755067451e+01,1.797661410887975535e+02,1.528700946057792862e+02
1.554384094272581628e+06,2.741108985755067451e+01,1.797626255011505805e+02,1.528736117953302767e+02
1.554384094272581628e+06,2.741108985755067451e+01,1.797591083758092907e+02,1.528771305221804084e+02
1.554384094272581628e+06,2.741108985755067451e+01,1.797555931852670312e+02,1.528806473096406648e+02
1.554384094272581628e+06,2.741108985755067451e+01,1.797520758483088912e+02,1.528841662413253744e+02
1.554384094272581628e+06,2.741108985755067451e+01,1.797485589099460697e+02,1.528876847724865513e+02
1.554384094272581628e+06,2.741108985755067451e+01,1.797450402262831233e+02,1.528912050486090664e+02
1.554384094272581628e+06,2.741108985755067451e+01,1.797415261907453328e+02,1.528947206704127098e+02
1.554384094272581628e+06,2.741108985755067451e+01,1.797380094402688542e+02,1.528982390056106624e+02
1.554384094272581628e+06,2.741108985755067451e+01,1.797344925003932872e+02,1.529017575288497994e+02
1.554384094272581628e+06,2.741108985755067451e+01,1.797309757512508668e+02,1.529052758599249557e+02
1.554384094272581628e+06,2.741108985755067451e+01,1.797274597798860327e+02,1.529087934109406604e+02
1.554384094272581628e+06,2.741108985755067451e+01,1.797239441866786649e+02,1.529123105797927167e+02
1.554384094272581628e+06,2.741108985755067451e+01,1.797204280251549164e+02,1.529158283169991250e+02
1.554384094272581628e+06,2.741108985755067451e+01,1.797169120535852187e+02,1.529193458620989077e+02
1.554384094272581628e+06,2.741108985755067451e+01,1.797133935607467663e+02,1.529228659280460647e+02
1.554384094272581628e+06,2.741108985755067451e+01,1.797098785574692670e+02,1.529263825011774998e+02
1.554384094272581628e+06,2.741108985755067451e+01,1.797063625873575461e+02,1.529299000399414865e+02
1.554384094272581628e+06,2.741108985755067451e+01,1.797028458411284930e+02,1.529334183539028515e+02
1.554384094272581628e+06,2.741108985755067451e+01,1.796993289047699420e+02,1.529369368556993152e+02
1.554384094272581628e+06,2.741108985755067451e+01,1.796958110042182284e+02,1.529404563224346134e+02
1.554384094272581628e+06,2.741108985755067451e+01,1.796922981272435322e+02,1.529439707605623653e+02
1.554384094272581628e+06,2.741108985755067451e+01,1.796887800382505134e+02,1.529474904128070420e+02
1.554384094272581628e+06,2.741108985755067451e+01,1.796852625197205100e+02,1.529510094919519645e+02
1.554384094272581628e+06,2.741108985755067451e+01,1.796817465560548897e+02,1.529545270149846772e+02
1.554384094272581628e+06,2.741108985755067451e+01,1.796782307830412435e+02,1.529580443455423620e+02
1.554384094272581628e+06,2.741108985755067451e+01,1.796747148213603680e+02,1.529615618639662671e+02
1.554384094272581628e+06,2.741108985755067451e+01,1.796711973094096493e+02,1.529650809329627634e+02
1.554384094272581628e+06,2.741108985755067451e+01,1.796676801940877226e+02,1.529685996032625610e+02
1.554384094272581628e+06,2.741108985755067451e+01,1.796641624949845948e+02,1.529721188570631796e+02
1.554384094272581628e+06,2.741108985755067451e+01,1.796606488495222038e+02,1.529756340522957316e+02
1.554384094272581628e+06,2.741108985755067451e+01,1.796571319305001566e+02,1.529791525247656807e+02
1.554384094272581628e+06,2.741108985755067451e+01,1.796536148216974880e+02,1.529826711848142224e+02
1.554384094272581628e+06,2.741108985755067451e+01,1.796500980947087101e+02,1.529861894617306177e+02
1.554384094272581628e+06,2.741108985755067451e+01,1.796465809894499444e+02,1.529897081164123733e+02
1.554384094272581628e+06,2.741108985755067451e+01,1.796430665769095754e+02,1.529932240754883424e+02
1.554384094272581628e+06,2.741108985755067451e+01,1.796395485099968425e+02,1.529967436907261913e+02
1.554384094272581628e+06,2.741108985755067451e+01,1.796360327561457382e+02,1.530002609909487603e+02
1.554384094272581628e+06,2.741108985755067451e+01,1.796325156579558495e+02,1.530037796347426138e+02
1.554384094272581628e+06,2.741108985755067451e+01,1.796290000976442514e+02,1.530072967393040528e+02
1.554384094272581628e+06,2.741108985755067451e+01,1.796254833844201926e+02,1.530108149969445321e+02
1.554384094272581628e+06,2.741108985755067451e+01,1.796219664833846537e+02,1.530143334419660732e+02
1.554384094272581628e+06,2.741108985755067451e+01,1.796184497745261694e+02,1.530178516937859285e+02
1.554384094272581628e+06,2.741108985755067451e+01,1.796149328779343932e+02,1.530213701329454921e+02
1.554384094272581628e+06,2.741108985755067451e+01,1.796114179123009365e+02,1.530248866388138254e+02
1.554384094272581628e+06,2.741108985755067451e+01,1.796079010197095727e+02,1.530284050721870983e+02
1.554384094272581628e+06,2.741108985755067451e+01,1.796043841299434405e+02,1.530319235025393994e+02
1.554384094272581628e+06,2.741108985755067451e+01,1.796008685869544479e+02,1.530354405843140739e+02
1.554384094272581628e+06,2.741108985755067451e+01,1.795973526660012567e+02,1.530389580438113910e+02
1.554384094272581628e+06,2.741108985755067451e+01,1.795938348191146190e+02,1.530424774298280681e+02
1.554384094272581628e+06,2.741108985755067451e+01,1.795903190926651405e+02,1.530459946929400701e+02
1.554384094272581628e+06,2.741108985755067451e+01,1.795868012513152792e+02,1.530495140724943610e+02
1.554384094272581628e+06,2.741108985755067451e+01,1.795832853400938518e+02,1.530530315197767095e+02
1.554384094272581628e+06,2.741108985755067451e+01,1.795797698123474504e+02,1.530565485833256503e+02
1.554384094272581628e+06,2.741108985755067451e+01,1.795762537158924488e+02,1.530600662148656852e+02
1.554384094272581628e+06,2.741108985755067451e+01,1.795727381934882771e+02,1.530635832722446423e+02
1.554384094272581628e+06,2.741108985755067451e+01,1.795692201751631387e+02,1.530671028258088597e+02
1.554384094272581628e+06,2.741108985755067451e+01,1.795657054307641260e+02,1.530706191030924685e+02
1.554384094272581628e+06,2.741108985755067451e+01,1.795621887621863095e+02,1.530741373052372296e+02
1.554384094272581628e+06,2.741108985755067451e+01,1.795586711332566097e+02,1.530776564678465945e+02
1.554384094272581628e+06,2.741108985755067451e+01,1.795551562072683680e+02,1.530811729260063885e+02
1.554384094272581628e+06,2.741108985755067451e+01,1.795516387743000735e+02,1.530846918913009915e+02
1.554384094272581628e+06,2.741108985755067451e+01,1.795481228906765239e+02,1.530882093066030905e+02
1.554384094272581628e+06,2.741108985755067451e+01,1.795446068193970177e+02,1.530917269090192860e+02
1.554384094272581628e+06,2.741108985755067451e+01,1.795410909417372807e+02,1.530952443177092448e+02
1.554384094272581628e+06,2.741108985755067451e+01,1.795375737116348205e+02,1.530987630784132136e+02
1.554384094272581628e+06,2.741108985755067451e+01,1.795340566868921712e+02,1.531022816338384303e+02
1.554384094272581628e+06,2.741108985755067451e+01,1.795305427432350314e+02,1.531057971058517069e+02
1.554384094272581628e+06,2.741108985755067451e+01,1.795270249519624315e+02,1.531093164269867373e+02
1.554384094272581628e+06,2.741108985755067451e+01,1.795235073552199481e+02,1.531128355538695871e+02
1.554384094272581628e+06,2.741108985755067451e+01,1.795199914954989424e+02,1.531163529416114670e+02
1.554384094272581628e+06,2.741108985755067451e+01,1.795164758302036603e+02,1.531198701353889930e+02
1.554384094272581628e+06,2.741108985755067451e+01,1.795129582425938395e+02,1.531233892510143733e+02
1.554384094272581628e+06,2.741108985755067451e+01,1.795094423929909908e+02,1.531269066279653828e+02
1.554384094272581628e+06,2.741108985755067451e+01,1.795059255848488249e+02,1.531304249638496344e+02
1.554384094272581628e+06,2.741108985755067451e+01,1.795024089705738106e+02,1.531339431054639419e+02
1.554384094272581628e+06,2.741108985755067451e+01,1.794988923591329524e+02,1.531374612432499021e+02
1.554384094272581628e+06,2.741108985755067451e+01,1.794953774850790467e+02,1.531409776431601983e+02
1.554384094272581628e+06,2.741108985755067451e+01,1.794918597288741751e+02,1.531444969260573714e+02
1.554384094272581628e+06,2.741108985755067451e+01,1.794883448615411226e+02,1.531480133186425405e+02
1.554384094272581628e+06,2.741108985755067451e+01,1.794848292254928026e+02,1.531515304791404049e+02
1.554384094272581628e+06,2.741108985755067451e+01,1.794813126322399341e+02,1.531550485977571441e+02
1.554384094272581628e+06,2.741108985755067451e+01,1.794777958525682209e+02,1.531585669029070402e+02
1.554384094272581628e+06,2.741108985755067451e+01,1.794742792665921343e+02,1.531620850135282126e+02
1.554384094272581628e+06,2.741108985755067451e+01,1.794707624942467135e+02,1.531656033106411030e+02
1.554384094272581628e+06,2.741108985755067451e+01,1.794672468768488898e+02,1.531691204516099845e+02
1.554384094272581628e+06,2.741108985755067451e+01,1.794637308821737349e+02,1.531726379697493599e+02
1.554384094272581628e+06,2.741108985755067451e+01,1.794602143109740098e+02,1.531761560642434290e+02
1.554384094272581628e+06,2.741108985755067451e+01,1.794566977442892721e+02,1.531796741545909413e+02
1.554384094272581628e+06,2.741108985755067451e+01,1.794531809911921982e+02,1.531831924313265461e+02
1.554384094272581628e+06,2.741108985755067451e+01,1.794496644322279906e+02,1.531867105133071618e+02
1.554384094272581628e+06,2.741108985755067451e+01,1.794461488372946292e+02,1.531902276300405390e+02
1.554384094272581628e+06,2.741108985755067451e+01,1.794426311356468204e+02,1.531937468551421375e+02
1.554384094272581628e+06,2.741108985755067451e+01,1.794391155490514222e+02,1.531972639635260691e+02
1.554384094272581628e+06,2.741108985755067451e+01,1.794355990061391708e+02,1.532007820285372190e+02
1.554384094272581628e+06,2.741108985755067451e+01,1.794320838161944778e+02,1.532042987396680473e+02
1.554384094272581628e+06,2.741108985755067451e+01,1.794285668925807897e+02,1.532078171849566672e+02
1.554384094272581628e+06,2.741108985755067451e+01,1.794250519007272544e+02,1.532113336972122397e+02
1.554384094272581628e+06,2.741108985755067451e+01,1.794215340332154653e+02,1.532148530866418810e+02
1.554384094272581628e+06,2.741108985755067451e+01,1.794180194304059626e+02,1.532183692092970375e+02
1.554384094272581628e+06,2.741108985755067451e+01,1.794145034911266521e+02,1.532218866693170298e+02
1.554384094272581628e+06,2.741108985755067451e+01,1.794109871675767067e+02,1.532254045132916644e+02
1.554384094272581628e+06,2.741108985755067451e+01,1.794074706579363863e+02,1.532289225433733577e+02
1.554384094272581628e+06,2.741108985755067451e+01,1.794039547308184410e+02,1.532324399902338712e+02
1.554384094272581628e+06,2.741108985755067451e+01,1.794004372707348125e+02,1.532359589711735453e+02
1.554384094272581628e+06,2.741108985755067451e+01,1.793969215425123309e+02,1.532394762184234196e+02
1.554384094272581628e+06,2.741108985755067451e+01,1.793934042817645320e+02,1.532429949993113212e+02
1.554384094272581628e+06,2.741108985755067451e+01,1.793898868353483635e+02,1.532465139660258444e+02
1.554384094272581628e+06,2.741108985755067451e+01,1.793863720793603136e+02,1.532500302399991199e+02
1.554384094272581628e+06,2.741108985755067451e+01,1.793828571374665728e+02,1.532535467003108636e+02
1.554384094272581628e+06,2.741108985755067451e+01,1.793793397044867675e+02,1.532570656529326243e+02
1.554384094272581628e+06,2.741108985755067451e+01,1.793758234252372858e+02,1.532605834506780980e+02
1.554384094272581628e+06,2.741108985755067451e+01,1.793723075376708209e+02,1.532641008565458662e+02
1.554384094272581628e+06,2.741108985755067451e+01,1.793687920358028123e+02,1.532676178764039037e+02
1.554384094272581628e+06,2.741108985755067451e+01,1.793652750024885165e+02,1.532711364281697968e+02
1.554384094272581628e+06,2.741108985755067451e+01,1.793617579797905250e+02,1.532746549695302463e+02
1.554384094272581628e+06,2.741108985755067451e+01,1.793582424913962541e+02,1.532781719750718992e+02
1.554384094272581628e+06,2.741108985755067451e+01,1.793547268175607314e+02,1.532816891665979995e+02
1.554384094272581628e+06,2.741108985755067451e+01,1.793512099993043876e+02,1.532852075027348917e+02
1.554384094272581628e+06,2.741108985755067451e+01,1.793476947159803672e+02,1.532887243031753428e+02
1.554384094272581628e+06,2.741108985755067451e+01,1.793441782883617748e+02,1.532922422479850866e+02
1.554384094272581628e+06,2.741108985755067451e+01,1.793406614845238778e+02,1.532957605692655534e+02
1.554384094272581628e+06,2.741108985755067451e+01,1.793371450666819271e+02,1.532992785040171668e+02
1.554384094272581628e+06,2.741108985755067451e+01,1.793336296119402107e+02,1.533027954755010853e+02
1.554384094272581628e+06,2.741108985755067451e+01,1.793301130133429808e+02,1.533063135909289088e+02
1.554384094272581628e+06,2.741108985755067451e+01,1.793265948863227379e+02,1.533098332357344304e+02
1.554384094272581628e+06,2.741108985755067451e+01,1.793230811701769767e+02,1.533133484669322115e+02
1.554384094272581628e+06,2.741108985755067451e+01,1.793195655438710219e+02,1.533168656091700086e+02
1.554384094272581628e+06,2.741108985755067451e+01,1.793160481988950892e+02,1.533203844711040063e+02
1.554384094272581628e+06,2.741108985755067451e+01,1.793125323919778111e+02,1.533239017938874440e+02
1.554384094272581628e+06,2.741108985755067451e+01,1.793090160139147429e+02,1.533274196875884741e+02
1.554384094272581628e+06,2.741108985755067451e+01,1.793055007892922958e+02,1.533309364277142492e+02
1.554384094272581628e+06,2.741108985755067451e+01,1.793019851883383353e+02,1.533344535443111170e+02
1.554384094272581628e+06,2.741108985755067451e+01,1.792984684445332562e+02,1.533379718038799524e+02
1.554384094272581628e+06,2.741108985755067451e+01,1.792949511306115937e+02,1.533414906336831507e+02
1.554384094272581628e+06,2.741108985755067451e+01,1.792914363107624922e+02,1.533450069681773300e+02
1.554384094272581628e+06,2.741108985755067451e+01,1.792879203460971098e+02,1.533485244483846941e+02
1.554384094272581628e+06,2.741108985755067451e+01,1.792844040047218073e+02,1.533520423047994825e+02
1.554384094272581628e+06,2.741108985755067451e+01,1.792808874779413770e+02,1.533555603465857757e+02
1.554384094272581628e+06,2.741108985755067451e+01,1.792773715316980088e+02,1.533590778078073527e+02
1.554384094272581628e+06,2.741108985755067451e+01,1.792738552064829776e+02,1.533625956478374235e+02
1.554384094272581628e+06,2.741108985755067451e+01,1.792703392683858965e+02,1.533661131005937648e+02
1.554384094272581628e+06,2.741108985755067451e+01,1.792668237191208220e+02,1.533696301638384227e+02
1.554384094272581628e+06,2.741108985755067451e+01,1.792633072197546653e+02,1.533731481780889396e+02
1.554384094272581628e+06,2.741108985755067451e+01,1.792597914907375127e+02,1.533766654212644198e+02
1.554384094272581628e+06,2.741108985755067451e+01,1.792562759578816838e+02,1.533801824680983543e+02
1.554384094272581628e+06,2.741108985755067451e+01,1.792527606211355078e+02,1.533836993185471727e+02
1.554384094272581628e+06,2.741108985755067451e+01,1.792492435697843973e+02,1.533872178847020962e+02
1.554384094272581628e+06,2.741108985755067451e+01,1.792457272884253143e+02,1.533907356798531794e+02
1.554384094272581628e+06,2.741108985755067451e+01,1.792422125423736929e+02,1.533942519392736870e+02
1.554384094272581628e+06,2.741108985755067451e+01,1.792386962722904116e+02,1.533977697230594117e+02
1.554384094272581628e+06,2.741108985755067451e+01,1.792351798174760802e+02,1.534012876919464645e+02
1.554384094272581628e+06,2.741108985755067451e+01,1.792316643233423861e+02,1.534048046993775642e+02
1.554384094272581628e+06,2.741108985755067451e+01,1.792281480705047727e+02,1.534083224657333915e+02
1.554384094272581628e+06,2.741108985755067451e+01,1.792246318234718103e+02,1.534118402261929361e+02
1.554384094272581628e+06,2.741108985755067451e+01,1.792211173010588254e+02,1.534153562609546100e+02
1.554384094272581628e+06,2.741108985755067451e+01,1.792175993469292905e+02,1.534188757293169942e+02
1.554384094272581628e+06,2.741108985755067451e+01,1.792140819721855678e+02,1.534223946180613609e+02
1.554384094272581628e+06,2.741108985755067451e+01,1.792105668941254635e+02,1.534259112085375989e+02
1.554384094272581628e+06,2.741108985755067451e+01,1.792070522038899014e+02,1.534294274110393701e+02
1.554384094272581628e+06,2.741108985755067451e+01,1.792035358010938637e+02,1.534329453267226882e+02
1.554384094272581628e+06,2.741108985755067451e+01,1.792000195954549895e+02,1.534364630453603411e+02
1.554384094272581628e+06,2.741108985755067451e+01,1.791965045410889275e+02,1.534399796121718680e+02
1.554384094272581628e+06,2.741108985755067451e+01,1.791929887287899703e+02,1.534434969369610826e+02
1.554384094272581628e+06,2.741108985755067451e+01,1.791894713958534737e+02,1.534470157829346704e+02
1.554384094272581628e+06,2.741108985755067451e+01,1.791859576945001891e+02,1.534505309956699932e+02
1.554384094272581628e+06,2.741108985755067451e+01,1.791824411374819590e+02,1.534540490652551910e+02
1.554384094272581628e+06,2.741108985755067451e+01,1.791789255399839647e+02,1.534575661748486084e+02
1.554384094272581628e+06,2.741108985755067451e+01,1.791754086139211211e+02,1.534610846137382509e+02
1.554384094272581628e+06,2.741108985755067451e+01,1.791718937913158243e+02,1.534646009478818769e+02
1.554384094272581628e+06,2.741108985755067451e+01,1.791683766869348915e+02,1.534681195650949235e+02
1.554384094272581628e+06,2.741108985755067451e+01,1.791648605419512990e+02,1.534716372218457252e+02
1.554384094272581628e+06,2.741108985755067451e+01,1.791613472638959195e+02,1.534751520106762257e+02
1.554384094272581628e+06,2.741108985755067451e+01,1.791578292249565720e+02,1.534786715624405815e+02
1.554384094272581628e+06,2.741108985755067451e+01,1.791543138613430699e+02,1.534821884374585181e+02
1.554384094272581628e+06,2.741108985755067451e+01,1.791507973599193519e+02,1.534857064508499036e+02
1.554384094272581628e+06,2.741108985755067451e+01,1.791472823909311671e+02,1.534892229311094525e+02
1.554384094272581628e+06,2.741108985755067451e+01,1.791437660928934861e+02,1.534927407405666884e+02
1.554384094272581628e+06,2.741108985755067451e+01,1.791402498018782126e+02,1.534962585435029041e+02
1.554384094272581628e+06,2.741108985755067451e+01,1.791367338989340396e+02,1.534997759577365173e+02
1.554384094272581628e+06,2.741108985755067451e+01,1.791332176206672102e+02,1.535032937475398853e+02
1.554384094272581628e+06,2.741108985755067451e+01,1.791297032541693000e+02,1.535068096246442906e+02
1.554384094272581628e+06,2.741108985755067451e+01,1.791261871796748437e+02,1.535103272103033589e+02
1.554384094272581628e+06,2.741108985755067451e+01,1.791226709210708066e+02,1.535138449803978347e+02
1.554384094272581628e+06,2.741108985755067451e+01,1.791191554300525866e+02,1.535173619821356965e+02
1.554384094272581628e+06,2.741108985755067451e+01,1.791156403278642699e+02,1.535208785951330412e+02
1.554384094272581628e+06,2.741108985755067451e+01,1.791121237096756431e+02,1.535243967245389456e+02
1.554384094272581628e+06,2.741108985755067451e+01,1.791086089993114854e+02,1.535279129450404980e+02
1.554384094272581628e+06,2.741108985755067451e+01,1.791050937257407156e+02,1.535314297293042216e+02
1.554384094272581628e+06,2.741108985755067451e+01,1.791015767458292771e+02,1.535349482204750871e+02
1.554384094272581628e+06,2.741108985755067451e+01,1.790980609158751804e+02,1.535384655612288896e+02
1.554384094272581628e+06,2.741108985755067451e+01,1.790945449016044506e+02,1.535419830862400943e+02
1.554384094272581628e+06,2.741108985755067451e+01,1.790910307973115323e+02,1.535454987002058829e+02
1.554384094272581628e+06,2.741108985755067451e+01,1.790875134629009722e+02,1.535490175458577085e+02
1.554384094272581628e+06,2.741108985755067451e+01,1.790839974690623535e+02,1.535525350501798698e+02
1.554384094272581628e+06,2.741108985755067451e+01,1.790804822423974656e+02,1.535560517868832164e+02
1.554384094272581628e+06,2.741108985755067451e+01,1.790769670225671746e+02,1.535595685167666318e+02
1.554384094272581628e+06,2.741108985755067451e+01,1.790734512406368140e+02,1.535630858090708841e+02
1.554384094272581628e+06,2.741108985755067451e+01,1.790699360345790296e+02,1.535666025251345275e+02
1.554384094272581628e+06,2.741108985755067451e+01,1.790664196931251126e+02,1.535701203769376377e+02
1.554384094272581628e+06,2.741108985755067451e+01,1.790629045007218565e+02,1.535736370790926344e+02
1.554384094272581628e+06,2.741108985755067451e+01,1.790593877957765301e+02,1.535771552944315488e+02
1.554384094272581628e+06,2.741108985755067451e+01,1.790558735683778195e+02,1.535806710312848509e+02
1.554384094272581628e+06,2.741108985755067451e+01,1.790523566865806231e+02,1.535841894233738572e+02
1.554384094272581628e+06,2.741108985755067451e+01,1.790488415223449010e+02,1.535877060972764241e+02
1.554384094272581628e+06,2.741108985755067451e+01,1.790453261739660320e+02,1.535912229553452164e+02
1.554384094272581628e+06,2.741108985755067451e+01,1.790418095051309422e+02,1.535947411342998805e+02
1.554384094272581628e+06,2.741108985755067451e+01,1.790382936028503309e+02,1.535982585462644465e+02
1.554384094272581628e+06,2.741108985755067451e+01,1.790347786582302660e+02,1.536017750002551452e+02
1.554384094272581628e+06,2.741108985755067451e+01,1.790312635295639154e+02,1.536052916383173397e+02
1.554384094272581628e+06,2.741108985755067451e+01,1.790277484078405053e+02,1.536088082691888701e+02
1.554384094272581628e+06,2.741108985755067451e+01,1.790242321524412148e+02,1.536123260344810717e+02
1.554384094272581628e+06,2.741108985755067451e+01,1.790207159102993444e+02,1.536158437863336133e+02
1.554384094272581628e+06,2.741108985755067451e+01,1.790172004280557019e+02,1.536193607777291561e+02
1.554384094272581628e+06,2.741108985755067451e+01,1.790136855270094145e+02,1.536228771880251145e+02
1.554384094272581628e+06,2.741108985755067451e+01,1.790101696833600329e+02,1.536263945410099154e+02
1.554384094272581628e+06,2.741108985755067451e+01,1.790066546054073058e+02,1.536299111278081000e+02
1.554384094272581628e+06,2.741108985755067451e+01,1.790031368779556260e+02,1.536334303654727194e+02
1.554384094272581628e+06,2.741108985755067451e+01,1.789996237136194281e+02,1.536369450377079886e+02
1.554384094272581628e+06,2.741108985755067451e+01,1.789961075176962879e+02,1.536404627431737708e+02
1.554384094272581628e+06,2.741108985755067451e+01,1.789925919025473320e+02,1.536439798670904793e+02
1.554384094272581628e+06,2.741108985755067451e+01,1.789890768620230972e+02,1.536474964164652022e+02
1.554384094272581628e+06,2.741108985755067451e+01,1.789855618288367509e+02,1.536510129583315347e+02
1.554384094272581628e+06,2.741108985755067451e+01,1.789820445301904215e+02,1.536545317666158041e+02
1.554384094272581628e+06,2.741108985755067451e+01,1.789785283723898033e+02,1.536580494336536162e+02
1.554384094272581628e+06,2.741108985755067451e+01,1.789750137445702194e+02,1.536615655697943339e+02
1.554384094272581628e+06,2.741108985755067451e+01,1.789714985506688834e+02,1.536650822723258045e+02
1.554384094272581628e+06,2.741108985755067451e+01,1.789679818497706663e+02,1.536686004824378529e+02
1.554384094272581628e+06,2.741108985755067451e+01,1.789644680019808334e+02,1.536721158379228314e+02
1.554384094272581628e+06,2.741108985755067451e+01,1.789609518828132764e+02,1.536756334661494350e+02
1.554384094272581628e+06,2.741108985755067451e+01,1.789574350143088850e+02,1.536791518438091657e+02
1.554384094272581628e+06,2.741108985755067451e+01,1.789539202414456156e+02,1.536826681248024613e+02
1.554384094272581628e+06,2.741108985755067451e+01,1.789504064243225230e+02,1.536861834495043126e+02
1.554384094272581628e+06,2.741108985755067451e+01,1.789468907191336484e+02,1.536897006634095817e+02
1.554384094272581628e+06,2.741108985755067451e+01,1.789433748302735410e+02,1.536932180606864051e+02
1.554384094272581628e+06,2.741108985755067451e+01,1.789398591409911887e+02,1.536967352585393769e+02
1.554384094272581628e+06,2.741108985755067451e+01,1.789363440246308699e+02,1.537002518829705195e+02
1.554384094272581628e+06,2.741108985755067451e+01,1.789328283513221436e+02,1.537037690647601096e+02
1.554384094272581628e+06,2.741108985755067451e+01,1.789293134420684055e+02,1.537072854818661938e+02
1.554384094272581628e+06,2.741108985755067451e+01,1.789257977845795438e+02,1.537108026474809606e+02
1.554384094272581628e+06,2.741108985755067451e+01,1.789222804321943840e+02,1.537143215090862611e+02
1.554384094272581628e+06,2.741108985755067451e+01,1.789187663030011208e+02,1.537178371455867421e+02
1.554384094272581628e+06,2.741108985755067451e+01,1.789152497230820131e+02,1.537213552342182652e+02
1.554384094272581628e+06,2.741108985755067451e+01,1.789117348541934689e+02,1.537248716108046551e+02
1.554384094272581628e+06,2.741108985755067451e+01,1.789082199934069877e+02,1.537283879793003791e+02
1.554384094272581628e+06,2.741108985755067451e+01,1.789047043851661840e+02,1.537319050955766215e+02
1.554384094272581628e+06,2.741108985755067451e+01,1.789011889766429420e+02,1.537354220120651860e+02
1.554384094272581628e+06,2.741108985755067451e+01,1.788976731935365763e+02,1.537389393031023417e+02
1.554384094272581628e+06,2.741108985755067451e+01,1.788941591208480020e+02,1.537424548830728668e+02
1.554384094272581628e+06,2.741108985755067451e+01,1.788906425989043782e+02,1.537459729130354447e+02
1.554384094272581628e+06,2.741108985755067451e+01,1.788871277875000771e+02,1.537494892320571296e+02
1.554384094272581628e+06,2.741108985755067451e+01,1.788836129842308935e+02,1.537530055428028675e+02
1.554384094272581628e+06,2.741108985755067451e+01,1.788800974343563155e+02,1.537565226004795136e+02
1.554384094272581628e+06,2.741108985755067451e+01,1.788765818927187468e+02,1.537600396496373776e+02
1.554384094272581628e+06,2.741108985755067451e+01,1.788730680606083183e+02,1.537635549886643673e+02
1.554384094272581628e+06,2.741108985755067451e+01,1.788695532906056371e+02,1.537670712659411549e+02
1.554384094272581628e+06,2.741108985755067451e+01,1.788660351281949374e+02,1.537705909372437816e+02
1.554384094272581628e+06,2.741108985755067451e+01,1.788625215125929628e+02,1.537741060595195108e+02
1.554384094272581628e+06,2.741108985755067451e+01,1.788590048765768188e+02,1.537776242035766359e+02
1.554384094272581628e+06,2.741108985755067451e+01,1.788554901406288593e+02,1.537811404465980445e+02
1.554384094272581628e+06,2.741108985755067451e+01,1.788519744676398773e+02,1.537846576271111871e+02
1.554384094272581628e+06,2.741108985755067451e+01,1.788484599401738535e+02,1.537881736614508554e+02
1.554384094272581628e+06,2.741108985755067451e+01,1.788449439134962802e+02,1.537916911957797765e+02
1.554384094272581628e+06,2.741108985755067451e+01,1.788414288291029663e+02,1.537952077873931671e+02
1.554384094272581628e+06,2.741108985755067451e+01,1.788379148897744813e+02,1.537987232332064309e+02
1.554384094272581628e+06,2.741108985755067451e+01,1.788343992601979551e+02,1.538022403701205860e+02
1.554384094272581628e+06,2.741108985755067451e+01,1.788308838309661155e+02,1.538057573066176360e+02
1.554384094272581628e+06,2.741108985755067451e+01,1.788273687933950100e+02,1.538092738510833897e+02
1.554384094272581628e+06,2.741108985755067451e+01,1.788238541353039750e+02,1.538127900160505135e+02
1.554384094272581628e+06,2.741108985755067451e+01,1.788203375962748680e+02,1.538163080626668773e+02
1.554384094272581628e+06,2.741108985755067451e+01,1.788168229556928850e+02,1.538198242099242350e+02
1.554384094272581628e+06,2.741108985755067451e+01,1.788133075708942954e+02,1.538233411018050560e+02
1.554384094272581628e+06,2.741108985755067451e+01,1.788097929479736194e+02,1.538268572313306777e+02
1.554384094272581628e+06,2.741108985755067451e+01,1.788062787170088370e+02,1.538303729687898453e+02
1.554384094272581628e+06,2.741108985755067451e+01,1.788027631674147813e+02,1.538338900253150996e+02
1.554384094272581628e+06,2.741108985755067451e+01,1.787992476269994881e+02,1.538374070727503806e+02
1.554384094272581628e+06,2.741108985755067451e+01,1.787957328482218315e+02,1.538409233581158446e+02
1.554384094272581628e+06,2.741108985755067451e+01,1.787922190360930585e+02,1.538444386763969760e+02
1.554384094272581628e+06,2.741108985755067451e+01,1.787887035228380057e+02,1.538479556965660890e+02
1.554384094272581628e+06,2.741108985755067451e+01,1.787851880185856999e+02,1.538514727075393580e+02
1.554384094272581628e+06,2.741108985755067451e+01,1.787816725236012871e+02,1.538549897092903507e+02
1.554384094272581628e+06,2.741108985755067451e+01,1.787781581732086522e+02,1.538585055660177545e+02
1.554384094272581628e+06,2.741108985755067451e+01,1.787746436402366896e+02,1.538620216052919147e+02
1.554384094272581628e+06,2.741108985755067451e+01,1.787711270377106700e+02,1.538655397149976523e+02
1.554384094272581628e+06,2.741108985755067451e+01,1.787676136581261233e+02,1.538690546003039969e+02
1.554384094272581628e+06,2.741108985755067451e+01,1.787640984007337863e+02,1.538725713641393327e+02
1.554384094272581628e+06,2.741108985755067451e+01,1.787605839045005212e+02,1.538760873665800091e+02
1.554384094272581628e+06,2.741108985755067451e+01,1.787570686658706904e+02,1.538796041116998197e+02
1.554384094272581628e+06,2.741108985755067451e+01,1.787535523020153221e+02,1.538831219825609935e+02
1.554384094272581628e+06,2.741108985755067451e+01,1.787500378336108895e+02,1.538866379569630567e+02
1.554384094272581628e+06,2.741108985755067451e+01,1.787465237578266510e+02,1.538901535386612807e+02
1.554384094272581628e+06,2.741108985755067451e+01,1.787430076141095014e+02,1.538936711891679465e+02
1.554384094272581628e+06,2.741108985755067451e+01,1.787394929823203427e+02,1.538971873270809283e+02
1.554384094272581628e+06,2.741108985755067451e+01,1.787359779919106302e+02,1.539007038235254186e+02
1.554384094272581628e+06,2.741108985755067451e+01,1.787324631873370038e+02,1.539042201342738849e+02
1.554384094272581628e+06,2.741108985755067451e+01,1.787289478328235646e+02,1.539077369950252034e+02
1.554384094272581628e+06,2.741108985755067451e+01,1.787254336220648838e+02,1.539112527116175215e+02
1.554384094272581628e+06,2.741108985755067451e+01,1.787219194207430064e+02,1.539147684187060463e+02
1.554384094272581628e+06,2.741108985755067451e+01,1.787184033444383999e+02,1.539182860014702214e+02
1.554384094272581628e+06,2.741108985755067451e+01,1.787148889706182331e+02,1.539218018810400963e+02
1.554384094272581628e+06,2.741108985755067451e+01,1.787113753566936225e+02,1.539253170003673006e+02
1.554384094272581628e+06,2.741108985755067451e+01,1.787078593097549231e+02,1.539288345537709404e+02
1.554384094272581628e+06,2.741108985755067451e+01,1.787043453480938808e+02,1.539323500209273448e+02
1.554384094272581628e+06,2.741108985755067451e+01,1.787008293208689054e+02,1.539358675544888229e+02
1.554384094272581628e+06,2.741108985755067451e+01,1.786973159368768336e+02,1.539393824435833551e+02
1.554384094272581628e+06,2.741108985755067451e+01,1.786938006793808142e+02,1.539428992071031246e+02
1.554384094272581628e+06,2.741108985755067451e+01,1.786902852400259007e+02,1.539464161524986707e+02
1.554384094272581628e+06,2.741108985755067451e+01,1.786867694442998982e+02,1.539499334543896225e+02
1.554384094272581628e+06,2.741108985755067451e+01,1.786832555412339332e+02,1.539534488627043913e+02
1.554384094272581628e+06,2.741108985755067451e+01,1.786797408812042249e+02,1.539569650283969793e+02
1.554384094272581628e+06,2.741108985755067451e+01,1.786762262484358530e+02,1.539604811667616673e+02
1.554384094272581628e+06,2.741108985755067451e+01,1.786727110505125893e+02,1.539639978704911982e+02
1.554384094272581628e+06,2.741108985755067451e+01,1.786691956708597218e+02,1.539675147559707113e+02
1.554384094272581628e+06,2.741108985755067451e+01,1.786656818173831596e+02,1.539710301146357097e+02
1.554384094272581628e+06,2.741108985755067451e+01,1.786621673985630423e+02,1.539745460388259914e+02
1.554384094272581628e+06,2.741108985755067451e+01,1.786586531814546959e+02,1.539780617612232447e+02
1.554384094272581628e+06,2.741108985755067451e+01,1.786551365360296586e+02,1.539815799129068807e+02
1.554384094272581628e+06,2.741108985755067451e+01,1.786516240283105503e+02,1.539850939250575834e+02
1.554384094272581628e+06,2.741108985755067451e+01,1.786481081522205159e+02,1.539886113070593581e+02
1.554384094272581628e+06,2.741108985755067451e+01,1.786445949156787947e+02,1.539921260483188235e+02
1.554384094272581628e+06,2.741108985755067451e+01,1.786410800004298380e+02,1.539956424690514041e+02
1.554384094272581628e+06,2.741108985755067451e+01,1.786375660355286641e+02,1.539991579389273681e+02
1.554384094272581628e+06,2.741108985755067451e+01,1.786340490688678528e+02,1.540026764118588005e+02
1.554384094272581628e+06,2.741108985755067451e+01,1.786305362563164465e+02,1.540061907288770442e+02
1.554384094272581628e+06,2.741108985755067451e+01,1.786270211904844416e+02,1.540097073001537922e+02
1.554384094272581628e+06,2.741108985755067451e+01,1.786235063267930343e+02,1.540132236691278536e+02
1.554384094272581628e+06,2.741108985755067451e+01,1.786199910899440511e+02,1.540167404114426404e+02
1.554384094272581628e+06,2.741108985755067451e+01,1.786164771866623653e+02,1.540202558195014433e+02
1.554384094272581628e+06,2.741108985755067451e+01,1.786129632937004033e+02,1.540237712172370266e+02
1.554384094272581628e+06,2.741108985755067451e+01,1.786094484716621480e+02,1.540272875444427711e+02
1.554384094272581628e+06,2.741108985755067451e+01,1.786059332765523209e+02,1.540308042449270829e+02
1.554384094272581628e+06,2.741108985755067451e+01,1.786024199703136048e+02,1.540343190555708190e+02
1.554384094272581628e+06,2.741108985755067451e+01,1.785989036852433003e+02,1.540378368464754146e+02
1.554384094272581628e+06,2.741108985755067451e+01,1.785953913388748049e+02,1.540413506967963428e+02
1.554384094272581628e+06,2.741108985755067451e+01,1.785918758224010503e+02,1.540448677186814166e+02
1.554384094272581628e+06,2.741108985755067451e+01,1.785883618107237112e+02,1.540483832350157058e+02
1.554384094272581628e+06,2.741108985755067451e+01,1.785848466788564508e+02,1.540518998719666683e+02
1.554384094272581628e+06,2.741108985755067451e+01,1.785813326883510115e+02,1.540554153671425297e+02
1.554384094272581628e+06,2.741108985755067451e+01,1.785778181535162616e+02,1.540589314068309648e+02
1.554384094272581628e+06,2.741108985755067451e+01,1.785743034376173171e+02,1.540624476276809673e+02
1.554384094272581628e+06,2.741108985755067451e+01,1.785707887324204819e+02,1.540659638377107683e+02
1.554384094272581628e+06,2.741108985755067451e+01,1.785672747845353570e+02,1.540694792901301753e+02
1.554384094272581628e+06,2.741108985755067451e+01,1.785637597171262598e+02,1.540729958625006475e+02
1.554384094272581628e+06,2.741108985755067451e+01,1.785602452362879262e+02,1.540765118480295257e+02
1.554384094272581628e+06,2.741108985755067451e+01,1.785567298283702371e+02,1.540800287610924499e+02
1.554384094272581628e+06,2.741108985755067451e+01,1.785532157316549444e+02,1.540835443622468404e+02
1.554384094272581628e+06,2.741108985755067451e+01,1.785497029674109797e+02,1.540870586303247194e+02
1.554384094272581628e+06,2.741108985755067451e+01,1.785461890841340846e+02,1.540905740179678389e+02
1.554384094272581628e+06,2.741108985755067451e+01,1.785426723985686124e+02,1.540940922091030529e+02
1.554384094272581628e+06,2.741108985755067451e+01,1.785391594747982253e+02,1.540976066367472299e+02
1.554384094272581628e+06,2.741108985755067451e+01,1.785356446866665578e+02,1.541011229295396276e+02
1.554384094272581628e+06,2.741108985755067451e+01,1.785321312309327766e+02,1.541046378893283304e+02
1.554384094272581628e+06,2.741108985755067451e+01,1.785286164649135401e+02,1.541081541599732532e+02
1.554384094272581628e+06,2.741108985755067451e+01,1.785251026472830631e+02,1.541116694818043698e+02
1.554384094272581628e+06,2.741108985755067451e+01,1.785215854759181866e+02,1.541151881588240258e+02
1.554384094272581628e+06,2.741108985755067451e+01,1.785180726176937185e+02,1.541187025207784131e+02
1.554384094272581628e+06,2.741108985755067451e+01,1.785145586413617025e+02,1.541222180013097613e+02
1.554384094272581628e+06,2.741108985755067451e+01,1.785110433781215136e+02,1.541257347691830830e+02
1.554384094272581628e+06,2.741108985755067451e+01,1.785075288713447890e+02,1.541292507804282366e+02
1.554384094272581628e+06,2.741108985755067451e+01,1.785040153124101892e+02,1.541327658432305441e+02
1.554384094272581628e+06,2.741108985755067451e+01,1.785005021253591622e+02,1.541362805340739328e+02
1.554384094272581628e+06,2.741108985755067451e+01,1.784969867156115413e+02,1.541397974484994506e+02
1.554384094272581628e+06,2.741108985755067451e+01,1.784934720618804249e+02,1.541433136065837743e+02
1.554384094272581628e+06,2.741108985755067451e+01,1.784899587399473830e+02,1.541468284322982640e+02
1.554384094272581628e+06,2.741108985755067451e+01,1.784864459814248221e+02,1.541503426942608712e+02
1.554384094272581628e+06,2.741108985755067451e+01,1.784829315536775027e+02,1.541538586261666239e+02
1.554384094272581628e+06,2.741108985755067451e+01,1.784794167533968618e+02,1.541573749307899561e+02
1.554384094272581628e+06,2.741108985755067451e+01,1.784759014126719592e+02,1.541608917760651138e+02
1.554384094272581628e+06,2.741108985755067451e+01,1.784723879554532004e+02,1.541644067369807658e+02
1.554384094272581628e+06,2.741108985755067451e+01,1.784688754454076900e+02,1.541679207502706959e+02
1.554384094272581628e+06,2.741108985755067451e+01,1.784653608831016811e+02,1.541714368167006910e+02
1.554384094272581628e+06,2.741108985755067451e+01,1.784618463324265463e+02,1.541749528715020858e+02
1.554384094272581628e+06,2.741108985755067451e+01,1.784583308578140475e+02,1.541784698505973665e+02
1.554384094272581628e+06,2.741108985755067451e+01,1.784548185855304894e+02,1.541819836259541319e+02
1.554384094272581628e+06,2.741108985755067451e+01,1.784513044538604447e+02,1.541854992614793503e+02
1.554384094272581628e+06,2.741108985755067451e+01,1.784477895656295914e+02,1.541890156538924828e+02
1.554384094272581628e+06,2.741108985755067451e+01,1.784442752653256719e+02,1.541925314580674353e+02
1.554384094272581628e+06,2.741108985755067451e+01,1.784407611689367741e+02,1.541960470582727396e+02
1.554384094272581628e+06,2.741108985755067451e+01,1.784372483780127823e+02,1.541995613523585007e+02
1.554384094272581628e+06,2.741108985755067451e+01,1.784337341129694323e+02,1.542030771212461957e+02
1.554384094272581628e+06,2.741108985755067451e+01,1.784302196676195535e+02,1.542065930704445691e+02
1.554384094272581628e+06,2.741108985755067451e+01,1.784267050420499459e+02,1.542101091999433891e+02
1.554384094272581628e+06,2.741108985755067451e+01,1.784231910047013230e+02,1.542136247409378313e+02
1.554384094272581628e+06,2.741108985755067451e+01,1.784196793987170224e+02,1.542171378495026488e+02
1.554384094272581628e+06,2.741108985755067451e+01,1.784161640662940727e+02,1.542206546861031882e+02
1.554384094272581628e+06,2.741108985755067451e+01,1.784126496803692703e+02,1.542241705757483601e+02
1.554384094272581628e+06,2.741108985755067451e+01,1.784091354986045701e+02,1.542276862611485626e+02
1.554384094272581628e+06,2.741108985755067451e+01,1.784056222630742639e+02,1.542312009998908877e+02
1.554384094272581628e+06,2.741108985755067451e+01,1.784021082974236947e+02,1.542347164690000056e+02
1.554384094272581628e+06,2.741108985755067451e+01,1.783985945093579346e+02,1.542382317605129174e+02
1.554384094272581628e+06,2.741108985755067451e+01,1.783950787000080140e+02,1.542417490741061954e+02
1.554384094272581628e+06,2.741108985755067451e+01,1.783915653203437444e+02,1.542452639569496000e+02
1.554384094272581628e+06,2.741108985755067451e+01,1.783880521448367631e+02,1.542487786355378887e+02
1.554384094272581628e+06,2.741108985755067451e+01,1.783845380476677747e+02,1.542522942361404148e+02
1.554384094272581628e+06,2.741108985755067451e+01,1.783810247041062667e+02,1.542558090827951105e+02
1.554384094272581628e+06,2.741108985755067451e+01,1.783775102469656986e+02,1.542593250435096763e+02
1.554384094272581628e+06,2.741108985755067451e+01,1.783739973120122499e+02,1.542628394813417287e+02
1.554384094272581628e+06,2.741108985755067451e+01,1.783704836204010462e+02,1.542663546761335738e+02
1.554384094272581628e+06,2.741108985755067451e+01,1.783669692277427714e+02,1.542698705722847876e+02
1.554384094272581628e+06,2.741108985755067451e+01,1.783634557528069990e+02,1.542733855502682445e+02
1.554384094272581628e+06,2.741108985755067451e+01,1.783599419336885035e+02,1.542769008725852302e+02
1.554384094272581628e+06,2.741108985755067451e+01,1.783564282910079442e+02,1.542804160183297881e+02
1.554384094272581628e+06,2.741108985755067451e+01,1.783529152372724411e+02,1.542839305749116932e+02
1.554384094272581628e+06,2.741108985755067451e+01,1.783494021957632185e+02,1.542874451191898117e+02
1.554384094272581628e+06,2.741108985755067451e+01,1.783458863685982863e+02,1.542909624503193413e+02
1.554384094272581628e+06,2.741108985755067451e+01,1.783423729675588447e+02,1.542944773542830887e+02
1.554384094272581628e+06,2.741108985755067451e+01,1.783388599633181286e+02,1.542979918612309973e+02
1.554384094272581628e+06,2.741108985755067451e+01,1.783353458468258737e+02,1.543015074808913596e+02
1.554384094272581628e+06,2.741108985755067451e+01,1.783318315796425679e+02,1.543050232512937896e+02
1.554384094272581628e+06,2.741108985755067451e+01,1.783283199005609845e+02,1.543085364324645923e+02
1.554384094272581628e+06,2.741108985755067451e+01,1.783248060139861479e+02,1.543120518220498525e+02
1.554384094272581628e+06,2.741108985755067451e+01,1.783212919478213507e+02,1.543155673912932002e+02
1.554384094272581628e+06,2.741108985755067451e+01,1.783177788262599677e+02,1.543190820154876235e+02
1.554384094272581628e+06,2.741108985755067451e+01,1.783142647854129166e+02,1.543225975593720420e+02
1.554384094272581628e+06,2.741108985755067451e+01,1.783107509495562226e+02,1.543261128981224317e+02
1.554384094272581628e+06,2.741108985755067451e+01,1.783072387975402364e+02,1.543296265523142665e+02
1.554384094272581628e+06,2.741108985755067451e+01,1.783037251793808764e+02,1.543331416732414709e+02
1.554384094272581628e+06,2.741108985755067451e+01,1.783002109971806419e+02,1.543366573584611388e+02
1.554384094272581628e+06,2.741108985755067451e+01,1.782966964733179509e+02,1.543401733854432507e+02
1.554384094272581628e+06,2.741108985755067451e+01,1.782931853031198557e+02,1.543436860573022216e+02
1.554384094272581628e+06,2.741108985755067451e+01,1.782896696815407722e+02,1.543472031824492205e+02
1.554384094272581628e+06,2.741108985755067451e+01,1.782861574130935196e+02,1.543507169529948726e+02
1.554384094272581628e+06,2.741108985755067451e+01,1.782826434874906170e+02,1.543542323813913129e+02
1.554384094272581628e+06,2.741108985755067451e+01,1.782791299595284613e+02,1.543577474119506405e+02
1.554384094272581628e+06,2.741108985755067451e+01,1.782756162522559293e+02,1.543612626218834691e+02
1.554384094272581628e+06,2.741108985755067451e+01,1.782721031040948674e+02,1.543647772724460765e+02
1.554384094272581628e+06,2.741108985755067451e+01,1.782685894228277732e+02,1.543682924563231893e+02
1.554384094272581628e+06,2.741108985755067451e+01,1.782650755622956353e+02,1.543718078195212229e+02
1.554384094272581628e+06,2.741108985755067451e+01,1.782615609767403839e+02,1.543753239080311630e+02
1.554384094272581628e+06,2.741108985755067451e+01,1.782580499337502147e+02,1.543788364524411350e+02
1.554384094272581628e+06,2.741108985755067451e+01,1.782545357592507003e+02,1.543823521296790204e+02
1.554384094272581628e+06,2.741108985755067451e+01,1.782510217588660453e+02,1.543858676327130013e+02
1.554384094272581628e+06,2.741108985755067451e+01,1.782475098243274374e+02,1.543893810689971531e+02
1.554384094272581628e+06,2.741108985755067451e+01,1.782439962349752136e+02,1.543928961607817598e+02
1.554384094272581628e+06,2.741108985755067451e+01,1.782404826589000493e+02,1.543964112392636707e+02
1.554384094272581628e+06,2.741108985755067451e+01,1.782369690961272397e+02,1.543999263044165104e+02
1.554384094272581628e+06,2.741108985755067451e+01,1.782334562840518686e+02,1.544034406185348303e+02
1.554384094272581628e+06,2.741108985755067451e+01,1.782299414333752736e+02,1.544069569721049788e+02
1.554384094272581628e+06,2.741108985755067451e+01,1.782264310517624892e+02,1.544104688546815396e+02
1.554384094272581628e+06,2.741108985755067451e+01,1.782229179269180008e+02,1.544139834816435553e+02
1.554384094272581628e+06,2.741108985755067451e+01,1.782194027642927097e+02,1.544175001472378312e+02
1.554384094272581628e+06,2.741108985755067451e+01,1.782158881599555400e+02,1.544210162542849218e+02
1.554384094272581628e+06,2.741108985755067451e+01,1.782123765493892051e+02,1.544245293662631582e+02
1.554384094272581628e+06,2.741108985755067451e+01,1.782088627088267572e+02,1.544280447091737756e+02
1.554384094272581628e+06,2.741108985755067451e+01,1.782053494591181675e+02,1.544315594609525419e+02
1.554384094272581628e+06,2.741108985755067451e+01,1.782018367670425221e+02,1.544350736548458372e+02
