DATE,BSRN,ND,KP1,KP2,KP3,KP4,KP5,KP6,KP7,KP8,KP_SUM,AP1,AP2,AP3,AP4,AP5,AP6,AP7,AP8,AP_AVG,CP,C9,ISN,F10.7_OBS,F10.7_ADJ,F10.7_DATA_TYPE,F10.7_OBS_CENTER81,F10.7_OBS_LAST81,F10.7_ADJ_CENTER81,F10.7_ADJ_LAST81
2001-01-01,2285,22,0,3,10,10,3,3,7,7,43,0,2,4,4,2,2,3,3,2,0.0,0,133,171.0,165.3,OBS,173.0,175.1,167.8,171.1
2001-01-02,2285,23,13,3,0,0,7,3,10,27,63,5,2,0,0,3,2,4,12,4,0.1,0,140,176.1,170.2,OBS,172.5,175.2,167.2,171.1
2001-01-03,2285,24,23,37,23,23,23,7,7,10,153,9,22,9,9,9,3,3,4,8,0.5,2,131,169.9,164.2,OBS,171.7,175.3,166.5,171.1
2001-01-04,2285,25,23,13,30,23,30,30,23,23,197,9,5,15,9,15,15,9,9,11,0.6,3,146,174.6,168.8,OBS,171.0,175.5,165.8,171.3
2001-01-05,2285,26,17,7,7,3,7,3,13,30,87,6,3,3,2,3,2,5,15,5,0.2,1,164,176.3,170.5,OBS,169.3,175.7,164.1,171.4
2001-01-06,2285,27,20,10,10,7,10,10,3,10,80,7,4,4,3,4,4,2,4,4,0.1,0,194,179.4,173.4,OBS,168.4,176.0,163.3,171.6
2001-01-07,2286,1,20,17,13,7,3,10,10,20,100,7,6,5,3,2,4,4,7,5,0.2,1,195,176.7,170.9,OBS,167.7,176.3,162.5,171.9
2001-01-08,2286,2,20,20,10,17,10,20,40,37,173,7,7,4,6,4,7,27,22,10,0.6,3,157,167.1,161.5,OBS,166.9,176.4,161.8,172.0
2001-01-09,2286,3,20,7,10,17,17,10,13,13,107,7,3,4,6,6,4,5,5,5,0.2,1,172,166.3,160.8,OBS,166.2,176.5,161.1,172.0
2001-01-10,2286,4,3,3,3,3,10,30,20,23,97,2,2,2,2,4,15,7,9,5,0.2,1,151,162.8,157.4,OBS,165.5,176.5,160.4,172.0
2001-01-11,2286,5,17,3,7,10,17,27,27,27,133,6,2,3,4,6,12,12,12,7,0.4,2,172,165.9,160.5,OBS,165.0,176.6,160.0,172.0
2001-01-12,2286,6,33,30,27,17,10,3,0,3,123,18,15,12,6,4,2,0,2,7,0.4,2,175,178.3,172.5,OBS,164.7,176.8,159.7,172.1
2001-01-13,2286,7,10,10,17,23,27,13,7,13,120,4,4,6,9,12,5,3,5,6,0.3,1,166,184.3,178.3,OBS,164.5,177.1,159.5,172.4
2001-01-14,2286,8,23,27,23,17,10,10,23,20,153,9,12,9,6,4,4,9,7,8,0.4,2,149,176.3,170.6,OBS,164.4,177.2,159.4,172.5
2001-01-15,2286,9,7,0,13,20,23,13,17,30,123,3,0,5,7,9,5,6,15,6,0.3,1,137,169.2,163.8,OBS,164.3,177.2,159.3,172.4
2001-01-16,2286,10,10,3,13,13,30,17,10,10,107,4,2,5,5,15,6,4,4,6,0.3,1,112,161.9,156.6,OBS,164.2,177.0,159.3,172.2
2001-01-17,2286,11,30,17,7,3,13,23,20,13,127,15,6,3,2,5,9,7,5,6,0.3,1,88,151.9,147.0,OBS,164.1,176.7,159.2,171.8
2001-01-18,2286,12,0,0,13,20,13,7,10,20,83,0,0,5,7,5,3,4,7,4,0.1,0,90,151.5,146.6,OBS,164.0,176.2,159.1,171.3
2001-01-19,2286,13,17,13,3,0,10,10,13,20,87,6,5,2,0,4,4,5,7,4,0.1,0,109,152.5,147.7,OBS,164.0,175.7,159.1,170.8
2001-01-20,2286,14,7,7,27,23,23,23,27,33,170,3,3,12,9,9,9,12,18,9,0.5,2,91,153.2,148.3,OBS,163.8,175.2,159.0,170.3
2001-01-21,2286,15,23,27,27,40,33,37,37,40,263,9,12,12,27,18,22,22,27,19,1.0,5,121,151.5,146.7,OBS,163.6,174.6,158.8,169.6
2001-01-22,2286,16,37,33,23,23,23,27,20,27,213,22,18,9,9,9,12,7,12,12,0.7,3,139,162.1,157.1,OBS,163.5,174.1,158.7,169.2
2001-01-23,2286,17,20,17,3,40,30,33,47,40,230,7,6,2,27,15,18,39,27,18,1.0,5,167,167.1,162.0,OBS,163.2,173.7,158.5,168.7
2001-01-24,2286,18,27,30,10,33,40,40,47,30,257,12,15,4,18,27,27,39,15,20,1.0,5,176,172.5,167.2,OBS,162.9,173.5,158.2,168.4
2001-01-25,2286,19,17,13,7,7,3,17,27,20,110,6,5,3,3,2,6,12,7,6,0.2,1,158,168.6,163.4,OBS,162.5,173.2,157.8,168.2
2001-01-26,2286,20,20,23,37,27,20,20,23,27,197,7,9,22,12,7,7,9,12,11,0.6,3,125,165.6,160.5,OBS,162.3,173.1,157.7,168.0
2001-01-27,2286,21,23,20,10,7,7,7,7,7,87,9,7,4,3,3,3,3,3,4,0.2,1,145,166.8,161.8,OBS,162.0,172.9,157.4,167.8
2001-01-28,2286,22,3,10,13,17,30,20,30,27,150,2,4,5,6,15,7,15,12,8,0.4,2,152,167.6,162.6,OBS,161.5,172.9,157.0,167.8
2001-01-29,2286,23,47,50,20,13,10,10,23,27,200,39,48,7,5,4,4,9,12,16,0.9,4,134,165.4,160.5,OBS,161.0,172.9,156.6,167.7
2001-01-30,2286,24,20,20,3,3,3,7,0,0,57,7,7,2,2,2,3,0,0,3,0.1,0,104,159.6,154.9,OBS,160.5,172.9,156.1,167.8
2001-01-31,2286,25,3,7,40,40,37,37,40,30,233,2,3,27,27,22,22,27,15,18,1.0,5,128,153.3,148.8,OBS,160.0,173.0,155.7,167.8
2001-02-01,2286,26,20,33,27,20,13,10,20,20,163,7,18,12,7,5,4,7,7,8,0.5,2,118,160.9,156.2,OBS,159.5,173.2,155.2,168.0
2001-02-02,2286,27,30,20,10,10,3,10,10,13,107,15,7,4,4,2,4,4,5,6,0.3,1,118,166.3,161.6,OBS,158.9,173.4,154.7,168.2
2001-02-03,2287,1,3,0,3,3,7,3,0,0,20,2,0,2,2,3,2,0,0,1,0.0,0,139,163.6,159.0,OBS,158.2,173.6,154.0,168.4
2001-02-04,2287,2,0,0,0,3,7,3,10,0,23,0,0,0,2,3,2,4,0,1,0.0,0,137,148.1,144.0,OBS,157.6,173.6,153.5,168.4
2001-02-05,2287,3,0,0,0,7,7,7,13,20,53,0,0,0,3,3,3,5,7,3,0.0,0,158,165.3,160.7,OBS,157.0,173.8,152.9,168.5
2001-02-06,2287,4,30,23,43,27,13,27,30,27,220,15,9,32,12,5,12,15,12,14,0.8,4,166,170.0,165.3,OBS,156.4,173.9,152.4,168.6
2001-02-07,2287,5,23,27,20,7,10,10,20,10,127,9,12,7,3,4,4,7,4,6,0.3,1,167,164.0,159.6,OBS,155.9,173.7,152.0,168.4
2001-02-08,2287,6,7,20,20,20,0,13,17,27,123,3,7,7,7,0,5,6,12,6,0.3,1,167,156.5,152.3,OBS,155.5,173.5,151.7,168.2
2001-02-09,2287,7,13,3,10,13,17,13,20,17,107,5,2,4,5,6,5,7,6,5,0.2,1,172,162.4,158.1,OBS,155.3,173.3,151.4,168.1
2001-02-10,2287,8,13,23,13,17,20,20,10,3,120,5,9,5,6,7,7,4,2,6,0.3,1,158,160.7,156.5,OBS,155.4,173.0,151.7,167.8
2001-02-11,2287,9,27,20,23,20,17,3,10,13,133,12,7,9,7,6,2,4,5,6,0.3,1,151,151.3,147.4,OBS,155.5,172.5,151.8,167.2
2001-02-12,2287,10,20,3,3,7,13,20,17,27,110,7,2,2,3,5,7,6,12,6,0.2,1,107,144.6,140.9,OBS,156.1,171.7,152.4,166.5
2001-02-13,2287,11,27,43,43,30,33,37,40,47,300,12,32,32,15,18,22,27,39,25,1.2,6,107,141.3,137.8,OBS,156.6,171.0,153.1,165.8
2001-02-14,2287,12,37,37,27,33,37,33,37,30,270,22,22,12,18,22,18,22,15,19,1.0,5,103,137.9,134.6,OBS,157.7,169.3,154.2,164.1
2001-02-15,2287,13,13,10,23,23,10,13,7,7,107,5,4,9,9,4,5,3,3,5,0.2,1,113,135.1,131.8,OBS,158.9,168.4,155.5,163.3
2001-02-16,2287,14,0,3,0,7,10,10,13,17,60,0,2,0,3,4,4,5,6,3,0.1,0,110,129.6,126.5,OBS,160.1,167.7,156.7,162.5
2001-02-17,2287,15,17,0,0,3,0,13,10,3,47,6,0,0,2,0,5,4,2,2,0.0,0,107,129.8,126.8,OBS,161.2,166.9,157.8,161.8
2001-02-18,2287,16,10,3,3,3,7,7,7,7,47,4,2,2,2,3,3,3,3,3,0.0,0,115,132.0,129.0,OBS,162.3,166.2,159.0,161.1
2001-02-19,2287,17,10,7,13,13,17,10,13,7,90,4,3,5,5,6,4,5,3,4,0.2,1,113,137.0,134.0,OBS,163.2,165.5,160.0,160.4
2001-02-20,2287,18,13,17,7,27,27,13,17,17,137,5,6,3,12,12,5,6,6,7,0.3,1,115,145.5,142.3,OBS,164.4,165.0,161.2,160.0
2001-02-21,2287,19,20,17,13,20,23,13,7,17,130,7,6,5,7,9,5,3,6,6,0.3,1,142,143.6,140.5,OBS,165.2,164.7,162.1,159.7
2001-02-22,2287,20,10,7,20,17,7,13,13,20,107,4,3,7,6,3,5,5,7,5,0.2,1,122,145.8,142.7,OBS,165.7,164.5,162.7,159.5
2001-02-23,2287,21,30,30,27,20,23,20,13,20,183,15,15,12,7,9,7,5,7,10,0.5,2,89,145.2,142.2,OBS,166.0,164.4,163.0,159.4
2001-02-24,2287,22,13,20,7,7,17,10,0,0,73,5,7,3,3,6,4,0,0,4,0.1,0,84,137.3,134.6,OBS,168.7,164.3,165.9,159.3
2001-02-25,2287,23,0,3,7,7,3,3,13,7,43,0,2,3,3,2,2,5,3,2,0.0,0,84,134.9,132.2,OBS,173.6,164.2,170.8,159.3
2001-02-26,2287,24,23,7,13,10,10,33,27,37,160,9,3,5,4,4,18,12,22,10,0.5,2,87,135.4,132.8,OBS,173.8,164.1,171.1,159.2
2001-02-27,2287,25,40,37,33,30,20,10,7,7,183,27,22,18,15,7,4,3,3,12,0.7,3,75,130.6,128.1,OBS,174.0,164.0,171.4,159.1
2001-02-28,2287,26,0,3,10,27,33,30,27,17,147,0,2,4,12,18,15,12,6,9,0.5,2,77,131.8,129.4,OBS,174.2,164.0,171.6,159.1
2001-03-01,2287,27,30,17,13,3,7,17,17,13,117,15,6,5,2,3,6,6,5,6,0.3,1,76,131.4,129.0,OBS,174.4,163.8,171.9,159.0
2001-03-02,2288,1,13,13,17,17,20,23,33,27,163,5,5,6,6,7,9,18,12,8,0.5,2,77,129.7,127.4,OBS,174.5,163.6,172.0,158.8
2001-03-03,2288,2,27,23,10,37,37,27,40,27,227,12,9,4,22,22,12,27,12,15,0.8,4,110,139.6,137.3,OBS,174.5,163.5,172.1,158.7
2001-03-04,2288,3,27,33,33,27,27,27,47,43,263,12,18,18,12,12,12,39,32,19,1.0,5,134,141.0,138.7,OBS,174.1,163.2,171.8,158.5
2001-03-05,2288,4,50,47,43,27,20,20,13,17,237,48,39,32,12,7,7,5,6,20,1.0,5,152,155.8,153.4,OBS,173.8,162.9,171.6,158.2
2001-03-06,2288,5,20,20,17,13,20,13,27,17,147,7,7,6,5,7,5,12,6,7,0.3,1,133,157.8,155.4,OBS,173.3,162.5,171.2,157.8
2001-03-07,2288,6,20,30,20,17,20,33,17,10,167,7,15,7,6,7,18,6,4,9,0.5,2,124,176.6,174.0,OBS,172.8,162.3,170.7,157.7
2001-03-08,2288,7,7,7,17,20,10,13,27,27,127,3,3,6,7,4,5,12,12,6,0.3,1,92,167.2,164.8,OBS,172.3,162.0,170.3,157.4
2001-03-09,2288,8,27,13,17,13,20,20,13,3,127,12,5,6,5,7,7,5,2,6,0.3,1,115,161.4,159.2,OBS,171.8,161.5,169.9,157.0
2001-03-10,2288,9,3,20,17,17,10,17,23,3,110,2,7,6,6,4,6,9,2,5,0.2,1,142,160.1,158.0,OBS,171.6,161.0,169.7,156.6
2001-03-11,2288,10,10,20,10,7,10,3,10,3,73,4,7,4,3,4,2,4,2,4,0.1,0,132,157.8,155.8,OBS,171.7,160.5,170.0,156.1
2001-03-12,2288,11,3,3,13,23,33,30,30,37,173,2,2,5,9,18,15,15,22,11,0.6,3,139,157.6,155.7,OBS,172.1,160.0,170.4,155.7
2001-03-13,2288,12,30,27,17,33,20,13,13,20,173,15,12,6,18,7,5,5,7,9,0.5,2,108,147.3,145.6,OBS,172.6,159.5,171.0,155.2
2001-03-14,2288,13,30,20,23,20,13,10,13,13,143,15,7,9,7,5,4,5,5,7,0.4,2,117,142.2,140.7,OBS,173.1,158.9,171.5,154.7
2001-03-15,2288,14,0,3,10,3,7,3,3,7,37,0,2,4,2,3,2,2,3,2,0.0,0,110,136.1,134.7,OBS,173.4,158.2,172.0,154.0
2001-03-16,2288,15,0,0,0,3,7,10,3,13,37,0,0,0,2,3,4,2,5,2,0.0,0,102,139.9,138.5,OBS,173.8,157.6,172.4,153.5
2001-03-17,2288,16,0,3,3,3,10,23,23,17,83,0,2,2,2,4,9,9,6,4,0.1,0,75,134.2,132.9,OBS,174.4,157.0,173.1,152.9
2001-03-18,2288,17,30,27,17,13,10,17,13,23,150,15,12,6,5,4,6,5,9,8,0.4,2,89,139.8,138.5,OBS,174.7,156.4,173.5,152.4
2001-03-19,2288,18,20,20,17,33,43,53,67,53,307,7,7,6,18,32,56,111,56,37,1.4,6,96,147.0,145.7,OBS,174.9,155.9,173.8,152.0
2001-03-20,2288,19,47,57,60,57,73,70,43,37,443,39,67,80,67,154,132,32,22,74,1.8,7,117,153.3,152.1,OBS,175.2,155.5,174.2,151.7
2001-03-21,2288,20,40,23,23,10,10,7,7,10,130,27,9,9,4,4,3,3,4,8,0.4,2,129,159.4,158.2,OBS,175.6,155.3,174.7,151.4
2001-03-22,2288,21,7,7,7,7,33,43,33,30,167,3,3,3,3,18,32,18,15,12,0.7,3,124,183.0,181.8,OBS,176.2,155.4,175.4,151.7
2001-03-23,2288,22,40,50,33,40,37,47,43,30,320,27,48,18,27,22,39,32,15,28,1.2,6,165,180.0,178.9,OBS,176.4,155.5,175.7,151.8
2001-03-24,2288,23,13,37,33,20,23,27,30,3,187,5,22,18,7,9,12,15,2,11,0.6,3,218,218.7,217.5,OBS,176.7,156.1,176.0,152.4
2001-03-25,2288,24,7,17,20,27,20,10,13,7,120,3,6,7,12,7,4,5,3,6,0.3,1,272,216.8,215.7,OBS,177.0,156.6,176.5,153.1
2001-03-26,2288,25,3,7,7,10,17,7,10,10,70,2,3,3,4,6,3,4,4,4,0.1,0,319,263.7,262.6,OBS,177.3,157.7,176.8,154.2
2001-03-27,2288,26,40,33,20,27,17,33,50,60,280,27,18,7,12,6,18,48,80,27,1.2,6,352,273.4,272.4,OBS,177.5,158.9,177.1,155.5
2001-03-28,2288,27,30,20,53,60,63,57,30,37,350,15,7,56,80,94,67,15,22,44,1.5,7,343,273.5,272.6,OBS,177.5,160.1,177.2,156.7
2001-03-29,2289,1,37,40,47,37,33,40,20,27,280,22,27,39,22,18,27,7,12,22,1.1,5,340,261.7,261.0,OBS,177.5,161.2,177.2,157.8
2001-03-30,2289,2,23,23,27,20,27,27,30,33,210,9,9,12,7,12,12,15,18,12,0.7,3,338,256.8,256.3,OBS,177.5,162.3,177.3,159.0
2001-03-31,2289,3,67,87,87,63,70,80,83,73,610,111,300,300,94,132,207,236,154,192,2.1,9,300,245.6,245.3,OBS,177.5,163.2,177.4,160.0
2001-04-01,2289,4,50,57,53,30,33,30,47,50,350,48,67,56,15,18,15,39,48,38,1.4,6,279,257.5,257.2,OBS,177.5,164.4,177.4,161.2
2001-04-02,2289,5,47,37,37,30,30,40,37,27,283,39,22,22,15,15,27,22,12,22,1.1,5,249,228.0,227.9,OBS,177.4,165.2,177.4,162.1
2001-04-03,2289,6,23,17,13,10,10,27,13,20,133,9,6,5,4,4,12,5,7,6,0.3,1,254,223.1,223.1,OBS,177.3,165.7,177.4,162.7
2001-04-04,2289,7,23,23,20,17,47,50,53,20,253,9,9,7,6,39,48,56,7,23,1.1,5,201,204.8,205.0,OBS,177.2,166.0,177.4,163.0
2001-04-05,2289,8,17,20,43,43,30,37,33,33,257,6,7,32,32,15,22,18,18,19,1.0,5,200,398.7,399.2,OBS,177.2,168.7,177.4,165.9
2001-04-06,2289,9,17,17,33,27,27,27,33,33,213,6,6,18,12,12,12,18,18,13,0.7,3,165,563.5,564.5,OBS,177.2,173.6,177.5,170.8
2001-04-07,2289,10,37,43,30,20,20,37,47,27,260,22,32,15,7,7,22,39,12,20,1.0,5,150,179.5,180.0,OBS,177.4,173.8,177.7,171.1
2001-04-08,2289,11,27,20,30,57,70,50,70,63,387,12,7,15,67,132,48,132,94,63,1.7,7,173,169.2,169.7,OBS,177.4,174.0,177.9,171.4
2001-04-09,2289,12,27,37,40,33,30,50,30,20,267,12,22,27,18,15,48,15,7,20,1.0,5,165,164.8,165.4,OBS,177.5,174.2,178.1,171.6
2001-04-10,2289,13,33,17,17,20,30,30,17,27,190,18,6,6,7,15,15,6,12,11,0.6,3,171,169.7,170.4,OBS,177.7,174.4,178.3,171.9
2001-04-11,2289,14,30,23,20,20,37,80,77,83,370,15,9,7,7,22,207,179,236,85,1.8,7,173,159.6,160.3,OBS,177.9,174.5,178.6,172.0
2001-04-12,2289,15,73,63,53,50,37,30,7,10,323,154,94,56,48,22,15,3,4,50,1.6,7,155,149.0,149.8,OBS,178.2,174.5,178.9,172.1
2001-04-13,2289,16,10,17,33,73,57,50,57,47,343,4,6,18,154,67,48,67,39,50,1.6,7,147,137.0,137.8,OBS,178.4,174.1,179.2,171.8
2001-04-14,2289,17,43,37,33,33,33,33,27,20,260,32,22,18,18,18,18,12,7,18,1.0,5,138,138.7,139.6,OBS,178.8,173.8,179.7,171.6
2001-04-15,2289,18,27,33,27,17,43,23,20,23,213,12,18,12,6,32,9,7,9,13,0.8,4,113,134.2,135.1,OBS,178.8,173.3,179.8,171.2
2001-04-16,2289,19,33,23,13,13,17,17,13,23,153,18,9,5,5,6,6,5,9,8,0.4,2,87,123.4,124.3,OBS,178.7,172.8,179.8,170.7
2001-04-17,2289,20,20,23,10,10,13,17,13,23,130,7,9,4,4,5,6,5,9,6,0.3,1,42,126.1,127.1,OBS,178.3,172.3,179.5,170.3
2001-04-18,2289,21,60,73,67,30,20,27,23,27,327,80,154,111,15,7,12,9,12,50,1.6,7,57,131.8,133.0,OBS,178.0,171.8,179.3,169.9
2001-04-19,2289,22,27,23,13,13,13,7,7,20,123,12,9,5,5,5,3,3,7,6,0.3,1,93,144.5,145.8,OBS,177.8,171.6,179.1,169.7
2001-04-20,2289,23,27,27,10,13,20,7,7,13,123,12,12,4,5,7,3,3,5,6,0.3,1,129,180.4,182.2,OBS,177.4,171.7,178.8,170.0
2001-04-21,2289,24,13,17,3,10,10,33,20,30,137,5,6,2,4,4,18,7,15,8,0.4,2,174,191.1,193.0,OBS,177.1,172.1,178.5,170.4
2001-04-22,2289,25,37,33,40,37,50,63,47,40,347,22,18,27,22,48,94,39,27,37,1.4,6,164,192.5,194.6,OBS,176.8,172.6,178.3,171.0
2001-04-23,2289,26,40,43,40,33,23,23,13,10,227,27,32,27,18,9,9,5,4,16,0.9,4,159,196.4,198.6,OBS,176.6,173.1,178.2,171.5
2001-04-24,2289,27,13,23,23,17,13,10,7,13,120,5,9,9,6,5,4,3,5,6,0.3,1,164,193.5,195.8,OBS,176.7,173.4,178.3,172.0
2001-04-25,2290,1,13,3,10,20,23,20,20,17,127,5,2,4,7,9,7,7,6,6,0.3,1,179,193.9,196.3,OBS,176.9,173.8,178.6,172.4
2001-04-26,2290,2,10,17,27,17,13,13,17,17,130,4,6,12,6,5,5,6,6,6,0.3,1,179,196.2,198.7,OBS,177.1,174.4,178.9,173.1
2001-04-27,2290,3,13,10,10,10,10,13,13,7,87,5,4,4,4,4,5,5,3,4,0.1,0,192,190.8,193.3,OBS,177.3,174.7,179.2,173.5
2001-04-28,2290,4,17,57,40,40,60,57,40,33,343,6,67,27,27,80,67,27,18,40,1.4,6,161,187.8,190.4,OBS,177.7,174.9,179.6,173.8
2001-04-29,2290,5,43,37,27,13,27,27,17,3,193,32,22,12,5,12,12,6,2,13,0.7,3,170,191.7,194.5,OBS,178.1,175.2,180.1,174.2
2001-04-30,2290,6,7,0,3,0,0,0,10,3,23,3,0,2,0,0,0,4,2,1,0.0,0,168,187.8,190.7,OBS,178.4,175.6,180.5,174.7
2001-05-01,2290,7,10,3,7,7,10,3,17,7,63,4,2,3,3,4,2,6,3,3,0.1,0,157,209.7,213.0,OBS,178.4,176.2,180.6,175.4
2001-05-02,2290,8,10,13,20,17,10,13,7,7,97,4,5,7,6,4,5,3,3,5,0.2,1,174,176.2,179.0,OBS,178.2,176.4,180.4,175.7
2001-05-03,2290,9,20,10,10,23,13,17,17,17,127,7,4,4,9,5,6,6,6,6,0.3,1,169,172.3,175.1,OBS,178.0,176.7,180.3,176.0
2001-05-04,2290,10,10,20,30,20,10,10,17,17,133,4,7,15,7,4,4,6,6,7,0.3,1,194,175.6,178.6,OBS,177.5,177.0,180.0,176.5
2001-05-05,2290,11,3,3,7,7,0,7,10,10,47,2,2,3,3,0,3,4,4,3,0.0,0,174,160.6,163.5,OBS,177.2,177.3,179.8,176.8
2001-05-06,2290,12,3,3,17,13,13,10,17,20,97,2,2,6,5,5,4,6,7,5,0.2,1,135,155.0,157.8,OBS,176.4,177.5,179.0,177.1
2001-05-07,2290,13,27,40,33,20,27,20,27,7,200,12,27,18,7,12,7,12,3,12,0.7,3,116,138.3,140.9,OBS,175.6,177.5,178.3,177.2
2001-05-08,2290,14,13,7,23,23,33,37,43,40,220,5,3,9,9,18,22,32,27,16,0.9,4,81,128.7,131.1,OBS,174.8,177.5,177.6,177.2
2001-05-09,2290,15,50,50,37,37,47,53,50,43,367,48,48,22,22,39,56,48,32,39,1.4,6,93,129.4,131.9,OBS,174.3,177.5,177.2,177.3
2001-05-10,2290,16,53,50,37,27,27,23,30,27,273,56,48,22,12,12,9,15,12,23,1.1,5,88,130.4,133.0,OBS,173.5,177.5,176.5,177.4
2001-05-11,2290,17,23,10,13,10,3,7,17,33,117,9,4,5,4,2,3,6,18,6,0.3,1,118,136.6,139.4,OBS,172.9,177.5,176.0,177.4
2001-05-12,2290,18,33,23,33,47,53,43,43,47,323,18,9,18,39,56,32,32,39,30,1.3,6,124,138.1,141.0,OBS,172.2,177.4,175.4,177.4
2001-05-13,2290,19,50,33,23,23,33,40,53,43,300,48,18,9,9,18,27,56,32,27,1.2,6,125,138.9,141.9,OBS,171.9,177.3,175.2,177.4
2001-05-14,2290,20,43,30,30,10,10,17,17,10,167,32,15,15,4,4,6,6,4,11,0.6,3,150,138.2,141.2,OBS,171.7,177.2,175.0,177.4
2001-05-15,2290,21,13,17,27,23,17,30,37,30,193,5,6,12,9,6,15,22,15,11,0.6,3,141,142.1,145.2,OBS,171.6,177.2,175.0,177.4
2001-05-16,2290,22,27,20,27,17,13,13,7,23,147,12,7,12,6,5,5,3,9,7,0.4,2,146,137.8,140.9,OBS,168.9,177.2,172.4,177.5
2001-05-17,2290,23,17,20,10,10,10,20,17,23,127,6,7,4,4,4,7,6,9,6,0.3,1,140,147.4,150.8,OBS,164.0,177.4,167.6,177.7
2001-05-18,2290,24,27,23,10,10,17,13,13,30,143,12,9,4,4,6,5,5,15,8,0.4,2,137,138.2,141.5,OBS,163.6,177.4,167.2,177.9
2001-05-19,2290,25,40,37,17,10,13,7,17,7,147,27,22,6,4,5,3,6,3,10,0.5,2,125,141.3,144.6,OBS,163.3,177.5,166.9,178.1
2001-05-20,2290,26,10,17,17,13,20,13,10,10,110,4,6,6,5,7,5,4,4,5,0.2,1,121,141.5,144.9,OBS,163.0,177.7,166.7,178.3
2001-05-21,2290,27,7,7,7,13,10,7,10,7,67,3,3,3,5,4,3,4,3,4,0.1,0,140,150.1,153.8,OBS,162.6,177.9,166.3,178.6
2001-05-22,2291,1,13,13,13,20,20,20,27,20,147,5,5,5,7,7,7,12,7,7,0.3,1,178,152.0,155.8,OBS,162.3,178.2,166.0,178.9
2001-05-23,2291,2,23,20,17,13,23,33,23,23,177,9,7,6,5,9,18,9,9,9,0.5,2,197,158.7,162.8,OBS,162.1,178.4,165.9,179.2
2001-05-24,2291,3,23,20,7,10,10,10,10,10,100,9,7,3,4,4,4,4,4,5,0.2,1,174,170.3,174.7,OBS,162.0,178.8,165.9,179.7
2001-05-25,2291,4,13,10,10,13,23,27,27,10,133,5,4,4,5,9,12,12,4,7,0.3,1,165,161.9,166.1,OBS,161.9,178.8,165.8,179.8
2001-05-26,2291,5,17,20,17,13,7,7,7,10,97,6,7,6,5,3,3,3,4,5,0.2,1,174,147.4,151.3,OBS,161.7,178.7,165.6,179.8
2001-05-27,2291,6,3,3,3,10,13,43,27,20,123,2,2,2,4,5,32,12,7,8,0.4,2,182,146.9,150.8,OBS,161.6,178.3,165.6,179.5
2001-05-28,2291,7,23,20,23,37,37,43,33,40,257,9,7,9,22,22,32,18,27,18,1.0,5,151,143.0,146.9,OBS,161.5,178.0,165.5,179.3
2001-05-29,2291,8,30,17,10,10,30,33,13,7,150,15,6,4,4,15,18,5,3,9,0.5,2,125,138.5,142.3,OBS,161.4,177.8,165.5,179.1
2001-05-30,2291,9,3,3,0,3,13,7,13,10,53,2,2,0,2,5,3,5,4,3,0.1,0,110,132.3,136.0,OBS,161.3,177.4,165.4,178.8
2001-05-31,2291,10,3,3,0,3,10,7,7,7,40,2,2,0,2,4,3,3,3,2,0.0,0,101,132.8,136.6,OBS,160.6,177.1,164.8,178.5
2001-06-01,2291,11,3,7,7,23,30,23,27,37,157,2,3,3,9,15,9,12,22,9,0.5,2,88,133.0,136.8,OBS,159.9,176.8,164.1,178.3
2001-06-02,2291,12,53,40,30,40,33,20,27,33,277,56,27,15,27,18,7,12,18,22,1.1,5,150,134.0,137.8,OBS,159.2,176.6,163.4,178.2
2001-06-03,2291,13,17,17,23,10,10,13,23,20,133,6,6,9,4,4,5,9,7,6,0.3,1,150,145.3,149.5,OBS,158.4,176.7,162.6,178.3
2001-06-04,2291,14,30,13,13,17,17,23,13,20,147,15,5,5,6,6,9,5,7,7,0.4,2,145,153.8,158.3,OBS,157.8,176.9,162.0,178.6
2001-06-05,2291,15,23,20,13,7,7,7,7,17,100,9,7,5,3,3,3,3,6,5,0.2,1,161,153.4,158.0,OBS,157.1,177.1,161.4,178.9
2001-06-06,2291,16,13,10,13,10,23,23,20,20,133,5,4,5,4,9,9,7,7,6,0.3,1,180,157.7,162.4,OBS,156.5,177.3,160.8,179.2
2001-06-07,2291,17,20,33,13,27,23,17,20,17,170,7,18,5,12,9,6,7,6,9,0.5,2,195,164.8,169.8,OBS,156.0,177.7,160.3,179.6
2001-06-08,2291,18,10,13,17,20,17,23,23,27,150,4,5,6,7,6,9,9,12,7,0.4,2,215,180.2,185.7,OBS,155.4,178.1,159.8,180.1
2001-06-09,2291,19,17,27,23,33,33,37,50,57,277,6,12,9,18,18,22,48,67,25,1.2,6,254,177.0,182.4,OBS,154.8,178.4,159.2,180.5
2001-06-10,2291,20,57,30,33,30,20,27,30,23,250,67,15,18,15,7,12,15,9,20,1.0,5,241,163.0,168.0,OBS,154.3,178.4,158.7,180.6
2001-06-11,2291,21,30,20,10,13,23,23,20,17,157,15,7,4,5,9,9,7,6,8,0.4,2,262,162.4,167.4,OBS,153.4,178.2,157.8,180.4
2001-06-12,2291,22,20,10,13,7,7,7,13,13,90,7,4,5,3,3,3,5,5,4,0.2,1,259,166.4,171.6,OBS,152.9,178.0,157.4,180.3
2001-06-13,2291,23,23,27,27,20,17,17,20,13,163,9,12,12,7,6,6,7,5,8,0.4,2,242,181.4,187.1,OBS,152.6,177.5,157.0,180.0
2001-06-14,2291,24,23,7,7,7,7,13,13,37,113,9,3,3,3,3,5,5,22,7,0.3,1,273,194.7,200.9,OBS,152.1,177.2,156.5,179.8
2001-06-15,2291,25,30,30,17,23,3,7,13,3,127,15,15,6,9,2,3,5,2,7,0.4,2,282,196.9,203.2,OBS,151.7,176.4,156.2,179.0
2001-06-16,2291,26,20,13,20,7,7,7,20,7,100,7,5,7,3,3,3,7,3,5,0.2,1,289,207.6,214.3,OBS,151.3,175.6,155.8,178.3
2001-06-17,2291,27,3,7,17,13,37,23,17,13,130,2,3,6,5,22,9,6,5,7,0.4,2,270,204.6,211.2,OBS,151.1,174.8,155.6,177.6
2001-06-18,2292,1,20,43,50,50,53,43,37,47,343,7,32,48,48,56,32,22,39,36,1.4,6,232,221.3,228.5,OBS,151.0,174.3,155.5,177.2
2001-06-19,2292,2,37,23,10,13,13,30,33,33,193,22,9,4,5,5,15,18,18,12,0.7,3,214,195.4,201.7,OBS,150.8,173.5,155.3,176.5
2001-06-20,2292,3,23,27,33,33,27,27,7,17,193,9,12,18,18,12,12,3,6,11,0.6,3,206,198.5,205.0,OBS,150.6,172.9,155.2,176.0
2001-06-21,2292,4,17,27,30,20,23,37,37,23,213,6,12,15,7,9,22,22,9,13,0.7,3,218,200.3,206.9,OBS,150.4,172.2,154.9,175.4
2001-06-22,2292,5,20,13,3,7,10,13,13,20,100,7,5,2,3,4,5,5,7,5,0.2,1,229,203.6,210.3,OBS,150.1,171.9,154.7,175.2
2001-06-23,2292,6,13,13,10,10,13,13,13,13,100,5,5,4,4,5,5,5,5,5,0.2,1,235,206.2,213.0,OBS,149.9,171.7,154.5,175.0
2001-06-24,2292,7,20,13,17,17,20,27,17,23,153,7,5,6,6,7,12,6,9,7,0.4,2,220,194.8,201.3,OBS,149.8,171.6,154.4,175.0
2001-06-25,2292,8,17,20,13,10,17,20,13,10,120,6,7,5,4,6,7,5,4,6,0.2,1,198,182.4,188.4,OBS,149.9,168.9,154.5,172.4
2001-06-26,2292,9,10,13,17,23,33,33,40,33,203,4,5,6,9,18,18,27,18,13,0.8,4,173,167.9,173.5,OBS,150.1,164.0,154.8,167.6
2001-06-27,2292,10,37,27,13,3,3,7,0,3,93,22,12,5,2,2,3,0,2,6,0.3,1,162,147.9,152.8,OBS,150.3,163.6,155.0,167.2
2001-06-28,2292,11,0,3,3,3,3,3,3,7,27,0,2,2,2,2,2,2,3,2,0.0,0,135,140.2,144.9,OBS,150.7,163.3,155.3,166.9
2001-06-29,2292,12,0,0,3,10,7,7,10,17,53,0,0,2,4,3,3,4,6,3,0.0,0,112,139.9,144.6,OBS,151.0,163.0,155.7,166.7
2001-06-30,2292,13,13,13,7,23,20,10,23,23,133,5,5,3,9,7,4,9,9,6,0.3,1,98,136.6,141.2,OBS,151.3,162.6,156.0,166.3
2001-07-01,2292,14,27,17,10,7,10,13,27,27,137,12,6,4,3,4,5,12,12,7,0.4,2,111,135.4,140.0,OBS,151.4,162.3,156.1,166.0
2001-07-02,2292,15,13,13,3,7,10,7,20,10,83,5,5,2,3,4,3,7,4,4,0.1,0,125,134.3,138.8,OBS,151.6,162.1,156.3,165.9
2001-07-03,2292,16,7,13,13,17,23,13,23,10,120,3,5,5,6,9,5,9,4,6,0.3,1,120,131.9,136.3,OBS,151.6,162.0,156.3,165.9
2001-07-04,2292,17,17,17,10,13,13,23,13,20,127,6,6,4,5,5,9,5,7,6,0.3,1,107,127.0,131.3,OBS,151.3,161.9,156.0,165.8
2001-07-05,2292,18,20,23,27,20,30,30,30,27,207,7,9,12,7,15,15,15,12,12,0.7,3,93,119.6,123.6,OBS,151.2,161.7,155.8,165.6
2001-07-06,2292,19,17,13,13,17,23,23,30,20,157,6,5,5,6,9,9,15,7,8,0.4,2,68,116.4,120.3,OBS,151.2,161.6,155.8,165.6
2001-07-07,2292,20,17,13,7,10,10,13,17,13,100,6,5,3,4,4,5,6,5,5,0.2,1,71,117.8,121.8,OBS,151.1,161.5,155.8,165.5
2001-07-08,2292,21,20,23,23,17,13,27,40,47,210,7,9,9,6,5,12,27,39,14,0.8,4,81,126.3,130.5,OBS,151.1,161.4,155.8,165.5
2001-07-09,2292,22,50,23,10,3,10,13,17,13,140,48,9,4,2,4,5,6,5,10,0.6,3,107,130.0,134.4,OBS,151.3,161.3,156.0,165.4
2001-07-10,2292,23,3,17,13,20,23,30,33,23,163,2,6,5,7,9,15,18,9,9,0.5,2,105,130.0,134.3,OBS,151.7,160.6,156.3,164.8
2001-07-11,2292,24,33,30,7,7,13,10,20,7,127,18,15,3,3,5,4,7,3,7,0.4,2,104,131.9,136.3,OBS,151.9,159.9,156.6,164.1
2001-07-12,2292,25,17,17,17,13,20,13,20,23,140,6,6,6,5,7,5,7,9,6,0.3,1,135,133.9,138.3,OBS,152.3,159.2,157.0,163.4
2001-07-13,2292,26,17,20,7,13,3,3,20,27,110,6,7,3,5,2,2,7,12,6,0.2,1,167,133.3,137.7,OBS,152.6,158.4,157.3,162.6
2001-07-14,2292,27,40,43,17,23,27,20,7,10,187,27,32,6,9,12,7,3,4,12,0.7,3,149,140.8,145.4,OBS,152.9,157.8,157.6,162.0
2001-07-15,2293,1,7,7,20,13,27,37,37,23,170,3,3,7,5,12,22,22,9,10,0.6,3,153,142.1,146.8,OBS,153.2,157.1,157.8,161.4
2001-07-16,2293,2,27,30,17,30,27,33,23,33,220,12,15,6,15,12,18,9,18,13,0.8,4,170,149.8,154.7,OBS,153.7,156.5,158.4,160.8
2001-07-17,2293,3,43,37,27,23,33,33,20,17,233,32,22,12,9,18,18,7,6,16,0.9,4,185,145.6,150.4,OBS,154.1,156.0,158.8,160.3
2001-07-18,2293,4,17,27,23,17,23,27,13,13,160,6,12,9,6,9,12,5,5,8,0.4,2,191,143.0,147.7,OBS,154.5,155.4,159.1,159.8
2001-07-19,2293,5,10,13,13,20,20,30,20,10,137,4,5,5,7,7,15,7,4,7,0.3,1,183,142.3,146.9,OBS,154.7,154.8,159.3,159.2
2001-07-20,2293,6,13,17,13,13,17,13,3,3,93,5,6,5,5,6,5,2,2,4,0.2,1,177,142.6,147.2,OBS,155.0,154.3,159.5,158.7
2001-07-21,2293,7,10,13,7,10,13,10,7,17,87,4,5,3,4,5,4,3,6,4,0.1,0,144,139.0,143.5,OBS,155.4,153.4,160.0,157.8
2001-07-22,2293,8,20,23,23,17,20,23,23,27,177,7,9,9,6,7,9,9,12,8,0.5,2,150,140.4,144.9,OBS,155.7,152.9,160.3,157.4
2001-07-23,2293,9,30,27,17,17,23,23,23,20,180,15,12,6,6,9,9,9,7,9,0.5,2,152,143.2,147.8,OBS,155.9,152.6,160.5,157.0
2001-07-24,2293,10,27,20,20,20,37,30,30,23,207,12,7,7,7,22,15,15,9,12,0.7,3,135,132.5,136.7,OBS,156.0,152.1,160.5,156.5
2001-07-25,2293,11,23,37,40,43,33,40,33,23,273,9,22,27,32,18,27,18,9,20,1.0,5,119,133.3,137.5,OBS,156.0,151.7,160.5,156.2
2001-07-26,2293,12,37,37,17,20,20,10,17,20,177,22,22,6,7,7,4,6,7,10,0.6,3,92,123.4,127.2,OBS,156.3,151.3,160.7,155.8
2001-07-27,2293,13,10,13,23,17,17,20,13,20,133,4,5,9,6,6,7,5,7,6,0.3,1,90,121.4,125.1,OBS,156.4,151.1,160.8,155.6
2001-07-28,2293,14,10,3,3,3,10,3,3,7,43,4,2,2,2,4,2,2,3,3,0.0,0,95,115.5,119.0,OBS,156.6,151.0,161.0,155.5
2001-07-29,2293,15,13,20,20,13,17,17,10,7,117,5,7,7,5,6,6,4,3,5,0.2,1,69,116.9,120.5,OBS,156.7,150.8,161.0,155.3
2001-07-30,2293,16,13,10,13,13,13,17,27,30,137,5,4,5,5,5,6,12,15,7,0.4,2,86,114.5,118.0,OBS,157.3,150.6,161.6,155.2
2001-07-31,2293,17,37,43,40,27,50,47,27,33,303,22,32,27,12,48,39,12,18,26,1.2,6,78,116.8,120.3,OBS,157.8,150.4,162.1,154.9
2001-08-01,2293,18,37,17,17,27,23,20,13,17,170,22,6,6,12,9,7,5,6,9,0.5,2,94,120.2,123.8,OBS,158.4,150.1,162.6,154.7
2001-08-02,2293,19,10,13,20,13,20,23,10,7,117,4,5,7,5,7,9,4,3,6,0.2,1,123,120.8,124.3,OBS,158.9,149.9,163.1,154.5
2001-08-03,2293,20,23,17,43,27,20,27,20,23,200,9,6,32,12,7,12,7,9,12,0.7,3,141,131.6,135.5,OBS,159.3,149.8,163.4,154.4
2001-08-04,2293,21,13,17,13,13,17,23,20,20,137,5,6,5,5,6,9,7,7,6,0.3,1,175,148.4,152.7,OBS,159.8,149.9,163.9,154.5
2001-08-05,2293,22,20,17,33,37,50,47,33,27,263,7,6,18,22,48,39,18,12,21,1.1,5,198,156.0,160.5,OBS,160.5,150.1,164.5,154.8
2001-08-06,2293,23,23,33,30,33,40,33,27,33,253,9,18,15,18,27,18,12,18,17,0.9,4,182,163.7,168.3,OBS,161.1,150.3,165.1,155.0
2001-08-07,2293,24,27,23,13,23,17,10,17,13,143,12,9,5,9,6,4,6,5,7,0.4,2,179,166.3,171.0,OBS,161.9,150.7,165.8,155.3
2001-08-08,2293,25,27,13,13,13,17,7,20,10,120,12,5,5,5,6,3,7,4,6,0.3,1,178,166.9,171.5,OBS,162.6,151.0,166.5,155.7
2001-08-09,2293,26,10,20,10,7,20,23,23,30,143,4,7,4,3,7,9,9,15,7,0.4,2,158,163.3,167.8,OBS,163.4,151.3,167.3,156.0
2001-08-10,2293,27,27,17,20,13,7,7,20,20,130,12,6,7,5,3,3,7,7,6,0.3,1,150,160.3,164.7,OBS,164.2,151.4,168.0,156.1
2001-08-11,2294,1,20,7,3,0,3,7,7,27,73,7,3,2,0,2,3,3,12,4,0.1,0,170,165.0,169.5,OBS,165.3,151.6,169.1,156.3
2001-08-12,2294,2,13,10,13,37,17,33,30,33,187,5,4,5,22,6,18,15,18,12,0.7,3,170,159.8,164.0,OBS,166.6,151.6,170.4,156.3
2001-08-13,2294,3,40,53,30,30,30,30,33,27,273,27,56,15,15,15,15,18,12,22,1.1,5,138,151.5,155.5,OBS,168.1,151.3,171.8,156.0
2001-08-14,2294,4,20,23,17,27,30,23,23,27,190,7,9,6,12,15,9,9,12,10,0.6,3,141,147.3,151.1,OBS,169.7,151.2,173.4,155.8
2001-08-15,2294,5,17,17,13,7,10,10,20,17,110,6,6,5,3,4,4,7,6,5,0.2,1,161,146.7,150.5,OBS,171.7,151.2,175.4,155.8
2001-08-16,2294,6,7,10,3,7,7,7,7,10,57,3,4,2,3,3,3,3,4,3,0.1,0,193,142.6,146.2,OBS,173.7,151.1,177.3,155.8
2001-08-17,2294,7,10,10,7,33,43,50,70,63,287,4,4,3,18,32,48,132,94,42,1.5,7,178,144.9,148.4,OBS,175.7,151.1,179.3,155.8
2001-08-18,2294,8,30,23,33,7,37,33,30,33,227,15,9,18,3,22,18,15,18,15,0.8,4,161,156.1,159.9,OBS,177.5,151.3,181.0,156.0
2001-08-19,2294,9,3,23,30,30,13,17,23,3,143,2,9,15,15,5,6,9,2,8,0.4,2,152,157.5,161.3,OBS,179.4,151.7,182.9,156.3
2001-08-20,2294,10,3,7,7,27,27,13,17,20,120,2,3,3,12,12,5,6,7,6,0.3,1,153,156.1,159.8,OBS,180.7,151.9,184.2,156.6
2001-08-21,2294,11,10,17,13,37,30,37,33,27,203,4,6,5,22,15,22,18,12,13,0.7,3,167,160.2,163.9,OBS,182.0,152.3,185.5,157.0
2001-08-22,2294,12,13,20,27,40,40,33,40,43,257,5,7,12,27,27,18,27,32,19,1.0,5,170,161.5,165.2,OBS,183.0,152.6,186.4,157.3
2001-08-23,2294,13,37,23,27,10,17,10,10,13,147,22,9,12,4,6,4,4,5,8,0.4,2,181,169.7,173.4,OBS,183.9,152.9,187.2,157.6
2001-08-24,2294,14,7,13,3,10,10,7,3,0,53,3,5,2,4,4,3,2,0,3,0.1,0,176,174.9,178.7,OBS,184.5,153.2,187.8,157.8
2001-08-25,2294,15,0,13,7,23,27,33,33,30,167,0,5,3,9,12,18,18,15,10,0.6,3,140,199.0,203.2,OBS,185.0,153.7,188.3,158.4
2001-08-26,2294,16,30,20,30,23,13,17,27,30,190,15,7,15,9,5,6,12,15,10,0.6,3,153,189.9,193.8,OBS,185.4,154.1,188.5,158.8
2001-08-27,2294,17,13,23,10,17,23,23,47,37,193,5,9,4,6,9,9,39,22,13,0.7,3,170,192.0,195.9,OBS,185.8,154.5,188.9,159.1
2001-08-28,2294,18,40,33,27,20,20,17,20,10,187,27,18,12,7,7,6,7,4,11,0.6,3,184,199.2,203.1,OBS,186.2,154.7,189.2,159.3
2001-08-29,2294,19,10,17,20,23,13,13,10,7,113,4,6,7,9,5,5,4,3,5,0.2,1,146,197.0,200.9,OBS,186.5,155.0,189.5,159.5
2001-08-30,2294,20,7,20,17,23,30,37,27,10,170,3,7,6,9,15,22,12,4,10,0.5,2,150,199.2,203.0,OBS,186.9,155.4,189.9,160.0
2001-08-31,2294,21,27,27,23,33,17,40,20,20,207,12,12,9,18,6,27,7,7,12,0.7,3,175,188.7,192.2,OBS,187.4,155.7,190.3,160.3
2001-09-01,2294,22,20,17,10,10,10,13,7,0,87,7,6,4,4,4,5,3,0,4,0.1,0,163,184.1,187.4,OBS,187.8,155.9,190.7,160.5
2001-09-02,2294,23,0,0,0,7,17,23,17,23,87,0,0,0,3,6,9,6,9,4,0.1,0,168,182.5,185.7,OBS,188.3,156.0,191.0,160.5
2001-09-03,2294,24,20,20,27,33,33,37,33,43,247,7,7,12,18,18,22,18,32,17,0.9,4,190,198.7,202.1,OBS,188.9,156.0,191.5,160.5
2001-09-04,2294,25,33,43,30,27,23,33,23,20,233,18,32,15,12,9,18,9,7,15,0.8,4,171,218.4,222.1,OBS,189.6,156.3,192.2,160.7
2001-09-05,2294,26,30,13,13,7,23,30,23,3,143,15,5,5,3,9,15,9,2,8,0.4,2,190,218.3,221.8,OBS,190.5,156.4,193.0,160.8
2001-09-06,2294,27,20,10,17,13,13,7,13,17,110,7,4,6,5,5,3,5,6,5,0.2,1,223,222.2,225.6,OBS,191.5,156.6,194.0,161.0
2001-09-07,2295,1,0,0,0,3,7,7,7,27,50,0,0,0,2,3,3,3,12,3,0.1,0,262,226.1,229.5,OBS,192.8,156.7,195.2,161.0
2001-09-08,2295,2,30,20,10,13,17,13,10,3,117,15,7,4,5,6,5,4,2,6,0.3,1,288,249.5,253.1,OBS,194.2,157.3,196.5,161.6
2001-09-09,2295,3,10,10,10,17,13,7,10,3,80,4,4,4,6,5,3,4,2,4,0.1,0,262,236.2,239.5,OBS,195.8,157.8,198.1,162.1
2001-09-10,2295,4,13,7,3,3,7,10,10,10,63,5,3,2,2,3,4,4,4,3,0.1,0,237,244.5,247.8,OBS,197.4,158.4,199.6,162.6
2001-09-11,2295,5,13,10,3,10,27,30,33,27,153,5,4,2,4,12,15,18,12,9,0.5,2,199,249.7,252.9,OBS,198.7,158.9,200.8,163.1
2001-09-12,2295,6,27,27,37,23,27,17,23,30,210,12,12,22,9,12,6,9,15,12,0.7,3,235,235.1,238.1,OBS,200.0,159.3,202.1,163.4
2001-09-13,2295,7,27,47,47,40,23,20,20,3,227,12,39,39,27,9,7,7,2,18,1.0,5,237,239.7,242.6,OBS,201.2,159.8,203.2,163.9
2001-09-14,2295,8,33,17,13,13,23,13,10,33,157,18,6,5,5,9,5,4,18,9,0.5,2,234,236.6,239.3,OBS,202.3,160.5,204.2,164.5
2001-09-15,2295,9,40,27,27,37,37,37,43,27,273,27,12,12,22,22,22,32,12,20,1.0,5,205,219.3,221.7,OBS,203.3,161.1,205.2,165.1
2001-09-16,2295,10,23,13,7,10,20,27,27,23,150,9,5,3,4,7,12,12,9,8,0.4,2,191,207.1,209.3,OBS,204.2,161.9,206.0,165.8
2001-09-17,2295,11,10,17,27,17,13,10,10,20,123,4,6,12,6,5,4,4,7,6,0.3,1,177,199.1,201.1,OBS,205.2,162.6,206.9,166.5
2001-09-18,2295,12,20,17,7,7,17,37,43,17,163,7,6,3,3,6,22,32,6,11,0.6,3,215,203.8,205.7,OBS,206.0,163.4,207.5,167.3
2001-09-19,2295,13,30,33,17,17,13,10,27,10,157,15,18,6,6,5,4,12,4,9,0.5,2,226,198.8,200.6,OBS,206.6,164.2,208.1,168.0
2001-09-20,2295,14,10,13,7,17,13,7,7,20,93,4,5,3,6,5,3,3,7,4,0.2,1,289,226.8,228.7,OBS,207.4,165.3,208.8,169.1
2001-09-21,2295,15,17,3,3,7,10,7,7,23,77,6,2,2,3,4,3,3,9,4,0.1,0,273,238.6,240.5,OBS,208.1,166.6,209.4,170.4
2001-09-22,2295,16,20,13,20,33,33,23,10,0,153,7,5,7,18,18,9,4,0,8,0.5,2,259,255.2,257.0,OBS,209.1,168.1,210.2,171.8
2001-09-23,2295,17,3,27,50,47,50,57,60,43,337,2,12,48,39,48,67,80,32,41,1.5,7,294,258.5,260.2,OBS,209.8,169.7,210.9,173.4
2001-09-24,2295,18,40,20,17,20,17,17,17,7,153,27,7,6,7,6,6,6,3,8,0.5,2,316,279.3,281.0,OBS,210.7,171.7,211.7,175.4
2001-09-25,2295,19,7,20,20,10,10,7,60,73,207,3,7,7,4,4,3,80,154,33,1.3,6,305,275.1,276.6,OBS,211.7,173.7,212.6,177.3
2001-09-26,2295,20,57,40,50,47,17,20,20,20,270,67,27,48,39,6,7,7,7,26,1.2,6,277,282.6,284.0,OBS,212.8,175.7,213.6,179.3
2001-09-27,2295,21,13,17,13,27,20,33,40,23,187,5,6,5,12,7,18,27,9,11,0.6,3,278,269.5,270.6,OBS,214.0,177.5,214.6,181.0
2001-09-28,2295,22,27,27,37,23,23,30,30,33,230,12,12,22,9,9,15,15,18,14,0.8,4,269,284.5,285.5,OBS,215.3,179.4,215.9,182.9
2001-09-29,2295,23,33,33,27,47,30,40,47,53,310,18,18,12,39,15,27,39,56,28,1.2,6,251,239.5,240.2,OBS,216.5,180.7,216.9,184.2
2001-09-30,2295,24,40,23,20,17,33,50,57,50,290,27,9,7,6,18,48,67,48,29,1.3,6,261,235.8,236.3,OBS,217.9,182.0,218.2,185.5
2001-10-01,2295,25,50,60,57,57,43,40,30,50,387,48,80,67,67,32,27,15,48,48,1.6,7,260,216.5,216.9,OBS,218.9,183.0,219.2,186.4
2001-10-02,2295,26,43,50,57,40,37,43,60,67,397,32,48,67,27,22,32,80,111,52,1.6,7,223,200.9,201.1,OBS,219.8,183.9,220.0,187.2
2001-10-03,2295,27,50,33,50,70,67,67,47,50,433,48,18,48,132,111,111,39,48,69,1.7,7,209,191.7,191.8,OBS,220.5,184.5,220.6,187.8
2001-10-04,2296,1,43,23,40,37,27,33,27,17,247,32,9,27,22,12,18,12,6,17,0.9,4,204,186.5,186.5,OBS,221.2,185.0,221.2,188.3
2001-10-05,2296,2,7,10,10,23,13,30,30,13,137,3,4,4,9,5,15,15,5,8,0.4,2,176,176.9,176.8,OBS,221.5,185.4,221.3,188.5
2001-10-06,2296,3,20,20,23,30,20,3,17,7,140,7,7,9,15,7,2,6,3,7,0.4,2,161,180.4,180.2,OBS,221.7,185.8,221.4,188.9
2001-10-07,2296,4,3,0,7,7,17,3,3,20,60,2,0,3,3,6,2,2,7,3,0.1,0,159,172.7,172.4,OBS,221.8,186.2,221.4,189.2
2001-10-08,2296,5,20,27,23,23,37,37,23,47,237,7,12,9,9,22,22,9,39,16,0.9,4,119,171.2,170.8,OBS,221.8,186.5,221.3,189.5
2001-10-09,2296,6,40,30,30,43,37,37,13,13,243,27,15,15,32,22,22,5,5,18,1.0,5,122,176.4,175.9,OBS,221.7,186.9,221.1,189.9
2001-10-10,2296,7,17,20,20,17,23,20,23,10,150,6,7,7,6,9,7,9,4,7,0.3,1,151,178.7,178.1,OBS,221.6,187.4,220.9,190.3
2001-10-11,2296,8,27,27,17,10,23,50,53,33,240,12,12,6,4,9,48,56,18,21,1.1,5,175,174.8,174.1,OBS,221.5,187.8,220.8,190.7
2001-10-12,2296,9,60,57,37,33,40,37,33,30,327,80,67,22,18,27,22,18,15,34,1.3,6,196,179.2,178.5,OBS,221.5,188.3,220.7,191.0
2001-10-13,2296,10,30,30,30,30,20,23,20,7,190,15,15,15,15,7,9,7,3,11,0.6,3,167,179.5,178.6,OBS,222.8,188.9,221.8,191.5
2001-10-14,2296,11,13,27,30,27,20,27,40,30,213,5,12,15,12,7,12,27,15,13,0.8,4,178,191.9,190.8,OBS,222.5,189.6,221.4,192.2
2001-10-15,2296,12,30,37,20,23,17,20,10,17,173,15,22,7,9,6,7,4,6,10,0.5,2,190,192.9,191.7,OBS,222.0,190.5,220.8,193.0
2001-10-16,2296,13,30,20,20,17,20,17,17,13,153,15,7,7,6,7,6,6,5,7,0.4,2,187,207.2,205.8,OBS,221.4,191.5,220.1,194.0
2001-10-17,2296,14,23,10,13,10,7,7,3,10,83,9,4,5,4,3,3,2,4,4,0.1,0,195,217.4,215.8,OBS,220.8,192.8,219.4,195.2
2001-10-18,2296,15,7,0,3,3,10,13,17,7,60,3,0,2,2,4,5,6,3,3,0.1,0,203,228.7,226.9,OBS,220.3,194.2,218.8,196.5
2001-10-19,2296,16,7,10,10,17,27,33,30,20,153,3,4,4,6,12,18,15,7,9,0.5,2,221,247.6,245.6,OBS,219.7,195.8,218.1,198.1
2001-10-20,2296,17,10,33,27,33,27,23,20,23,197,4,18,12,18,12,9,7,9,11,0.6,3,247,244.7,242.5,OBS,219.5,197.4,217.7,199.6
2001-10-21,2296,18,30,27,20,13,20,60,73,77,320,15,12,7,5,7,80,154,179,57,1.7,7,238,224.1,222.0,OBS,219.2,198.7,217.4,200.8
2001-10-22,2296,19,70,47,37,60,60,73,70,70,487,132,39,22,80,80,154,132,132,96,1.9,8,209,232.7,230.4,OBS,218.9,200.0,216.9,202.1
2001-10-23,2296,20,53,43,37,17,20,13,13,10,207,56,32,22,6,7,5,5,4,17,0.9,4,221,226.4,224.1,OBS,219.0,201.2,216.9,203.2
2001-10-24,2296,21,7,3,7,3,0,3,3,0,27,3,2,3,2,0,2,2,0,2,0.0,0,209,238.7,236.0,OBS,218.9,202.3,216.8,204.2
2001-10-25,2296,22,0,7,30,23,10,20,23,20,133,0,3,15,9,4,7,9,7,7,0.3,1,233,238.9,236.1,OBS,218.9,203.3,216.6,205.2
2001-10-26,2296,23,7,7,13,17,3,10,17,20,93,3,3,5,6,2,4,6,7,4,0.2,1,238,236.5,233.6,OBS,219.1,204.2,216.7,206.0
2001-10-27,2296,24,13,27,7,17,23,10,7,7,110,5,12,3,6,9,4,3,3,6,0.3,1,221,246.5,243.4,OBS,219.6,205.2,217.1,206.9
2001-10-28,2296,25,27,67,57,47,50,33,40,40,360,12,111,67,39,48,18,27,27,44,1.5,7,215,227.2,224.2,OBS,219.9,206.0,217.3,207.5
2001-10-29,2296,26,33,30,30,27,27,30,27,30,233,18,15,15,12,12,15,12,15,14,0.8,4,186,215.8,212.8,OBS,220.1,206.6,217.4,208.1
2001-10-30,2296,27,23,30,23,20,10,13,7,13,140,9,15,9,7,4,5,3,5,7,0.4,2,159,226.0,222.7,OBS,220.5,207.4,217.6,208.8
2001-10-31,2297,1,13,3,13,3,30,27,40,43,173,5,2,5,2,15,12,27,32,12,0.7,3,144,221.1,217.8,OBS,220.4,208.1,217.4,209.4
2001-11-01,2297,2,50,47,47,27,40,33,20,7,270,48,39,39,12,27,18,7,3,24,1.2,6,159,235.6,232.0,OBS,220.1,209.1,217.1,210.2
2001-11-02,2297,3,7,10,17,7,33,10,3,7,93,3,4,6,3,18,4,2,3,5,0.2,1,166,213.5,210.1,OBS,219.9,209.8,216.7,210.9
2001-11-03,2297,4,7,0,3,3,3,7,3,0,27,3,0,2,2,2,3,2,0,2,0.0,0,166,216.0,212.5,OBS,219.4,210.7,216.2,211.7
2001-11-04,2297,5,0,3,17,27,23,23,10,0,103,0,2,6,12,9,9,4,0,5,0.2,1,184,227.3,223.5,OBS,219.0,211.7,215.6,212.6
2001-11-05,2297,6,7,3,13,27,30,40,53,50,223,3,2,5,12,15,27,56,48,21,1.1,5,216,234.6,230.6,OBS,218.3,212.8,214.8,213.6
2001-11-06,2297,7,87,87,70,50,53,67,63,63,540,300,300,132,48,56,111,94,94,142,2.0,9,232,237.4,233.2,OBS,217.4,214.0,213.8,214.6
2001-11-07,2297,8,57,40,17,27,23,20,23,27,233,67,27,6,12,9,7,9,12,19,1.0,5,204,268.8,263.9,OBS,216.6,215.3,212.9,215.9
2001-11-08,2297,9,20,23,20,20,7,10,10,13,123,7,9,7,7,3,4,4,5,6,0.3,1,252,247.8,243.1,OBS,215.7,216.5,211.9,216.9
2001-11-09,2297,10,13,10,10,10,7,13,20,17,100,5,4,4,4,3,5,7,6,5,0.2,1,247,270.8,265.6,OBS,215.3,217.9,211.5,218.2
2001-11-10,2297,11,17,17,7,13,13,13,17,33,130,6,6,3,5,5,5,6,18,7,0.3,1,247,245.9,241.0,OBS,215.2,218.9,211.2,219.2
2001-11-11,2297,12,23,17,13,23,10,10,7,3,107,9,6,5,9,4,4,3,2,5,0.2,1,240,234.0,229.3,OBS,215.4,219.8,211.3,220.0
2001-11-12,2297,13,13,3,3,13,10,0,0,0,43,5,2,2,5,4,0,0,0,2,0.0,0,201,227.3,222.6,OBS,215.9,220.5,211.7,220.6
2001-11-13,2297,14,7,10,7,3,7,17,17,13,80,3,4,3,2,3,6,6,5,4,0.1,0,196,231.6,226.8,OBS,216.7,221.2,212.4,221.2
2001-11-14,2297,15,7,7,13,7,7,3,7,3,53,3,3,5,3,3,2,3,2,3,0.1,0,196,217.2,212.6,OBS,217.8,221.5,213.4,221.3
2001-11-15,2297,16,0,0,3,10,13,37,43,17,123,0,0,2,4,5,22,32,6,9,0.5,2,194,207.0,202.4,OBS,218.8,221.7,214.3,221.4
2001-11-16,2297,17,23,23,23,20,23,17,10,10,150,9,9,9,7,9,6,4,4,7,0.4,2,149,202.1,197.6,OBS,219.8,221.8,215.2,221.4
2001-11-17,2297,18,20,33,20,23,37,27,30,30,220,7,18,7,9,22,12,15,15,13,0.8,4,141,198.5,194.0,OBS,221.1,221.8,216.4,221.3
2001-11-18,2297,19,23,27,13,20,27,27,23,33,193,9,12,5,7,12,12,9,18,10,0.6,3,153,188.2,183.8,OBS,227.1,221.7,222.1,221.1
2001-11-19,2297,20,40,30,23,30,33,33,43,37,270,27,15,9,15,18,18,32,22,20,1.0,5,134,191.3,186.8,OBS,228.2,221.6,223.1,220.9
2001-11-20,2297,21,33,30,40,13,3,0,0,0,120,18,15,27,5,2,0,0,0,8,0.5,2,144,185.0,180.6,OBS,229.0,221.5,223.8,220.8
2001-11-21,2297,22,7,3,17,10,13,20,10,3,83,3,2,6,4,5,7,4,2,4,0.1,0,133,184.2,179.7,OBS,229.9,221.5,224.6,220.7
2001-11-22,2297,23,10,27,20,23,23,20,27,27,177,4,12,7,9,9,7,12,12,9,0.5,2,144,282.5,275.5,OBS,230.5,222.8,225.2,221.8
2001-11-23,2297,24,27,23,23,27,30,30,27,33,220,12,9,9,12,15,15,12,18,13,0.7,3,133,177.3,172.9,OBS,231.2,222.5,225.8,221.4
2001-11-24,2297,25,33,53,83,70,77,73,30,47,467,18,56,236,132,179,154,15,39,104,1.9,8,111,173.0,168.6,OBS,231.5,222.0,226.0,220.8
2001-11-25,2297,26,17,27,27,30,20,20,10,7,157,6,12,12,15,7,7,4,3,8,0.4,2,121,170.0,165.6,OBS,231.8,221.4,226.3,220.1
2001-11-26,2297,27,17,10,27,17,7,3,0,7,87,6,4,12,6,3,2,0,3,4,0.2,1,139,174.8,170.3,OBS,231.9,220.8,226.3,219.4
2001-11-27,2298,1,7,3,0,3,0,7,7,10,37,3,2,0,2,0,3,3,4,2,0.0,0,126,190.4,185.3,OBS,231.6,220.3,225.9,218.8
2001-11-28,2298,2,3,0,3,0,7,10,7,13,43,2,0,2,0,3,4,3,5,2,0.0,0,177,198.5,193.1,OBS,231.1,219.7,225.4,218.1
2001-11-29,2298,3,13,3,13,10,7,3,3,0,53,5,2,5,4,3,2,2,0,3,0.1,0,191,216.4,210.5,OBS,230.5,219.5,224.7,217.7
2001-11-30,2298,4,7,3,0,3,3,3,10,10,40,3,2,0,2,2,2,4,4,2,0.0,0,201,225.8,219.6,OBS,230.3,219.2,224.5,217.4
2001-12-01,2298,5,7,7,17,20,27,27,10,17,130,3,3,6,7,12,12,4,6,7,0.3,1,215,221.3,215.1,OBS,230.4,218.9,224.4,216.9
2001-12-02,2298,6,10,0,10,13,20,20,13,10,97,4,0,4,5,7,7,5,4,4,0.2,1,241,245.0,238.1,OBS,230.3,219.0,224.3,216.9
2001-12-03,2298,7,3,17,7,13,23,20,33,33,150,2,6,3,5,9,7,18,18,8,0.5,2,242,235.0,228.3,OBS,230.4,218.9,224.3,216.8
2001-12-04,2298,8,30,23,17,23,30,17,30,20,190,15,9,6,9,15,6,15,7,10,0.6,3,234,233.3,226.6,OBS,230.4,218.9,224.3,216.6
2001-12-05,2298,9,40,27,13,23,20,20,27,20,190,27,12,5,9,7,7,12,7,11,0.6,3,255,237.0,230.1,OBS,230.3,219.1,224.1,216.7
2001-12-06,2298,10,30,17,20,30,23,27,27,30,203,15,6,7,15,9,12,12,15,11,0.7,3,229,246.7,239.5,OBS,230.1,219.6,223.8,217.1
2001-12-07,2298,11,23,13,7,10,23,27,10,17,130,9,5,3,4,9,12,4,6,6,0.3,1,223,225.9,219.3,OBS,229.7,219.9,223.4,217.3
2001-12-08,2298,12,33,13,17,17,20,10,7,7,123,18,5,6,6,7,4,3,3,6,0.3,1,226,220.5,213.9,OBS,229.5,220.1,223.2,217.4
2001-12-09,2298,13,3,7,0,13,7,0,3,17,50,2,3,0,5,3,0,2,6,3,0.0,0,228,224.2,217.5,OBS,229.4,220.5,223.1,217.6
2001-12-10,2298,14,3,3,10,7,17,7,7,13,67,2,2,4,3,6,3,3,5,4,0.1,0,186,219.0,212.3,OBS,229.3,220.4,222.9,217.4
2001-12-11,2298,15,7,10,7,7,10,10,17,17,83,3,4,3,3,4,4,6,6,4,0.1,0,171,220.6,213.9,OBS,229.3,220.1,222.8,217.1
2001-12-12,2298,16,20,23,23,33,23,23,30,30,207,7,9,9,18,9,9,15,15,11,0.7,3,189,236.7,229.4,OBS,229.2,219.9,222.6,216.7
2001-12-13,2298,17,20,17,10,3,10,10,0,0,70,7,6,4,2,4,4,0,0,3,0.1,0,192,220.2,213.4,OBS,229.3,219.4,222.8,216.2
2001-12-14,2298,18,0,7,0,10,20,17,20,20,93,0,3,0,4,7,6,7,7,4,0.1,0,163,245.8,238.2,OBS,229.5,219.0,222.9,215.6
2001-12-15,2298,19,23,30,20,23,30,17,10,23,177,9,15,7,9,15,6,4,9,9,0.5,2,174,217.8,211.0,OBS,229.5,218.3,222.9,214.8
2001-12-16,2298,20,27,33,33,23,23,17,17,13,187,12,18,18,9,9,6,6,5,10,0.6,3,194,209.1,202.5,OBS,229.5,217.4,222.8,213.8
2001-12-17,2298,21,27,37,30,30,33,37,30,17,240,12,22,15,15,18,22,15,6,16,0.9,4,192,205.5,199.0,OBS,229.8,216.6,223.0,212.9
2001-12-18,2298,22,37,20,20,23,27,20,10,17,173,22,7,7,9,12,7,4,6,9,0.5,2,186,211.8,205.0,OBS,229.5,215.7,222.7,211.9
2001-12-19,2298,23,30,23,20,27,10,17,23,13,163,15,9,7,12,4,6,9,5,8,0.5,2,160,208.2,201.6,OBS,229.7,215.3,222.9,211.5
2001-12-20,2298,24,10,0,10,13,20,13,10,17,93,4,0,4,5,7,5,4,6,4,0.2,1,163,221.1,214.0,OBS,229.5,215.2,222.7,211.2
2001-12-21,2298,25,3,20,23,27,23,37,40,37,210,2,7,9,12,9,22,27,22,14,0.8,4,194,234.3,226.7,OBS,229.7,215.4,222.8,211.3
2001-12-22,2298,26,30,30,23,23,20,7,20,7,160,15,15,9,9,7,3,7,3,8,0.5,2,218,242.8,234.9,OBS,229.8,215.9,222.9,211.7
2001-12-23,2298,27,13,20,13,27,17,20,10,20,140,5,7,5,12,6,7,4,7,7,0.3,1,215,254.6,246.3,OBS,230.0,216.7,223.1,212.4
2001-12-24,2299,1,20,33,47,43,43,43,30,27,287,7,18,39,32,32,32,15,12,23,1.1,5,253,274.5,265.5,OBS,230.1,217.8,223.2,213.4
2001-12-25,2299,2,27,23,17,27,17,20,10,30,170,12,9,6,12,6,7,4,15,9,0.5,2,231,258.8,250.3,OBS,230.3,218.8,223.3,214.3
2001-12-26,2299,3,23,7,7,10,10,17,23,23,120,9,3,3,4,4,6,9,9,6,0.3,1,270,267.8,259.0,OBS,230.6,219.8,223.6,215.2
2001-12-27,2299,4,23,10,10,13,17,20,27,17,137,9,4,4,5,6,7,12,6,7,0.3,1,265,274.6,265.6,OBS,230.9,221.1,223.8,216.4
2001-12-28,2299,5,7,0,17,13,20,10,10,20,97,3,0,6,5,7,4,4,7,4,0.2,1,252,655.6,634.0,OBS,230.9,227.1,223.9,222.1
2001-12-29,2299,6,17,40,23,27,23,23,20,27,200,6,27,9,12,9,9,7,12,11,0.7,3,221,264.4,255.7,OBS,231.0,228.2,223.9,223.1
2001-12-30,2299,7,33,47,33,20,23,23,40,47,267,18,39,18,7,9,9,27,39,21,1.1,5,216,246.6,238.5,OBS,231.0,229.0,223.9,223.8
2001-12-31,2299,8,33,33,20,13,13,30,37,40,220,18,18,7,5,5,15,22,27,15,0.8,4,218,245.6,237.5,OBS,231.1,229.9,224.1,224.6
2002-01-01,2299,9,23,27,23,13,13,10,27,17,153,9,12,9,5,5,4,12,6,8,0.4,2,220,232.2,224.5,OBS,231.5,230.5,224.5,225.2
2002-01-02,2299,10,20,7,10,20,27,27,23,20,153,7,3,4,7,12,12,9,7,8,0.4,2,218,231.1,223.5,OBS,230.5,231.2,223.5,225.8
2002-01-03,2299,11,10,7,7,7,3,7,0,0,40,4,3,3,3,2,3,0,0,2,0.0,0,220,220.3,213.0,OBS,230.9,231.5,223.9,226.0
2002-01-04,2299,12,7,10,3,7,7,7,7,7,53,3,4,2,3,3,3,3,3,3,0.1,0,230,218.2,211.0,OBS,231.3,231.8,224.2,226.3
2002-01-05,2299,13,10,13,3,3,3,3,3,0,40,4,5,2,2,2,2,2,0,2,0.0,0,191,212.2,205.2,OBS,231.6,231.9,224.6,226.3
2002-01-06,2299,14,3,0,0,0,10,13,3,10,40,2,0,0,0,4,5,2,4,2,0.0,0,159,196.6,190.1,OBS,231.9,231.6,224.8,225.9
2002-01-07,2299,15,0,13,13,23,13,27,27,20,137,0,5,5,9,5,12,12,7,7,0.3,1,146,188.6,182.4,OBS,231.9,231.1,224.8,225.4
2002-01-08,2299,16,30,30,37,17,30,17,10,3,173,15,15,22,6,15,6,4,2,11,0.6,3,162,199.2,192.6,OBS,231.9,230.5,224.8,224.7
2002-01-09,2299,17,0,0,0,3,7,17,13,7,47,0,0,0,2,3,6,5,3,2,0.0,0,196,228.5,220.9,OBS,231.6,230.3,224.6,224.5
2002-01-10,2299,18,13,17,23,23,40,50,40,33,240,5,6,9,9,27,48,27,18,19,1.0,5,186,224.6,217.3,OBS,231.1,230.4,224.1,224.4
2002-01-11,2299,19,43,50,43,37,33,43,33,30,313,32,48,32,22,18,32,18,15,27,1.2,6,209,228.9,221.4,OBS,230.8,230.3,223.8,224.3
2002-01-12,2299,20,37,33,37,37,27,37,30,13,250,22,18,22,22,12,22,15,5,17,0.9,4,209,233.3,225.7,OBS,230.3,230.4,223.3,224.3
2002-01-13,2299,21,23,27,30,33,30,23,20,33,220,9,12,15,18,15,9,7,18,13,0.7,3,201,240.7,232.9,OBS,229.7,230.4,222.8,224.3
2002-01-14,2299,22,27,23,17,13,23,20,17,20,160,12,9,6,5,9,7,6,7,8,0.4,2,197,229.0,221.6,OBS,229.2,230.3,222.3,224.1
2002-01-15,2299,23,13,17,20,23,20,20,13,20,147,5,6,7,9,7,7,5,7,7,0.3,1,168,218.3,211.2,OBS,228.6,230.1,221.8,223.8
2002-01-16,2299,24,13,10,20,7,7,7,7,0,70,5,4,7,3,3,3,3,0,4,0.1,0,141,216.1,209.1,OBS,228.2,229.7,221.4,223.4
2002-01-17,2299,25,27,23,13,23,20,27,13,23,170,12,9,5,9,7,12,5,9,8,0.5,2,120,211.8,205.0,OBS,227.9,229.5,221.2,223.2
2002-01-18,2299,26,30,20,7,13,10,13,3,0,97,15,7,3,5,4,5,2,0,5,0.2,1,139,210.5,203.8,OBS,227.7,229.4,220.9,223.1
2002-01-19,2299,27,0,10,17,30,37,40,33,37,203,0,4,6,15,22,27,18,22,14,0.8,4,160,213.7,206.9,OBS,227.4,229.3,220.7,222.9
2002-01-20,2300,1,37,30,17,17,17,20,20,23,180,22,15,6,6,6,7,7,9,10,0.5,2,176,222.2,215.2,OBS,227.0,229.3,220.4,222.8
2002-01-21,2300,2,37,30,20,20,23,27,27,20,203,22,15,7,7,9,12,12,7,11,0.7,3,191,224.5,217.5,OBS,226.7,229.2,220.0,222.6
2002-01-22,2300,3,10,13,20,17,20,17,13,17,127,4,5,7,6,7,6,5,6,6,0.3,1,194,228.7,221.5,OBS,226.0,229.3,219.4,222.8
2002-01-23,2300,4,27,13,17,20,17,20,30,23,167,12,5,6,7,6,7,15,9,8,0.5,2,227,226.5,219.4,OBS,225.5,229.5,218.9,222.9
2002-01-24,2300,5,17,30,0,3,3,10,3,3,70,6,15,0,2,2,4,2,2,4,0.1,0,186,230.8,223.6,OBS,224.5,229.5,218.1,222.9
2002-01-25,2300,6,10,7,10,17,30,37,37,20,167,4,3,4,6,15,22,22,7,10,0.6,3,157,234.8,227.6,OBS,224.1,229.5,217.6,222.8
2002-01-26,2300,7,30,23,20,20,13,20,20,10,157,15,9,7,7,5,7,7,4,8,0.4,2,172,256.5,248.7,OBS,223.7,229.8,217.3,223.0
2002-01-27,2300,8,30,23,17,20,20,17,13,17,157,15,9,6,7,7,6,5,6,8,0.4,2,191,248.0,240.5,OBS,223.3,229.5,217.0,222.7
2002-01-28,2300,9,23,10,10,23,27,20,17,20,150,9,4,4,9,12,7,6,7,7,0.4,2,196,259.8,252.0,OBS,223.3,229.7,217.0,222.9
2002-01-29,2300,10,20,20,10,17,7,7,3,7,90,7,7,4,6,3,3,2,3,4,0.2,1,188,261.0,253.2,OBS,222.9,229.5,216.7,222.7
2002-01-30,2300,11,7,0,3,3,7,7,10,10,47,3,0,2,2,3,3,4,4,3,0.0,0,193,256.3,248.8,OBS,222.4,229.7,216.3,222.8
2002-01-31,2300,12,23,17,3,3,3,10,10,37,107,9,6,2,2,2,4,4,22,6,0.3,1,181,242.6,235.5,OBS,221.8,229.8,215.7,222.9
2002-02-01,2300,13,43,33,20,23,37,27,13,20,217,32,18,7,9,22,12,5,7,14,0.8,4,179,245.6,238.5,OBS,221.0,230.0,215.0,223.1
2002-02-02,2300,14,33,40,47,33,37,30,13,23,257,18,27,39,18,22,15,5,9,19,1.0,5,214,240.6,233.7,OBS,220.1,230.1,214.2,223.2
2002-02-03,2300,15,20,17,7,10,13,17,3,3,90,7,6,3,4,5,6,2,2,4,0.2,1,252,232.9,226.3,OBS,218.9,230.3,213.0,223.3
2002-02-04,2300,16,3,20,3,7,13,20,20,27,113,2,7,2,3,5,7,7,12,6,0.3,1,243,234.6,228.1,OBS,218.0,230.6,212.2,223.6
2002-02-05,2300,17,40,30,20,23,33,33,50,47,277,27,15,7,9,18,18,48,39,23,1.1,5,239,220.6,214.5,OBS,217.0,230.9,211.3,223.8
2002-02-06,2300,18,40,37,47,37,37,30,33,23,283,27,22,39,22,22,15,18,9,22,1.1,5,198,202.5,196.9,OBS,215.8,230.9,210.2,223.9
2002-02-07,2300,19,27,33,33,33,37,20,17,33,233,12,18,18,18,22,7,6,18,15,0.8,4,165,191.7,186.6,OBS,209.8,231.0,204.5,223.9
2002-02-08,2300,20,33,20,17,27,30,30,23,23,203,18,7,6,12,15,15,9,9,11,0.7,3,165,191.5,186.4,OBS,208.9,231.0,203.6,223.9
2002-02-09,2300,21,27,30,23,23,17,13,27,37,197,12,15,9,9,6,5,12,22,11,0.6,3,174,199.4,194.1,OBS,208.0,231.1,202.8,224.1
2002-02-10,2300,22,30,30,27,17,23,13,10,17,167,15,15,12,6,9,5,4,6,9,0.5,2,166,216.5,210.9,OBS,207.1,231.5,202.0,224.5
2002-02-11,2300,23,30,23,23,33,33,30,27,27,227,15,9,9,18,18,15,12,12,14,0.8,4,173,201.7,196.6,OBS,206.3,230.5,201.3,223.5
2002-02-12,2300,24,33,23,23,13,13,13,10,33,163,18,9,9,5,5,5,4,18,9,0.5,2,174,208.3,203.1,OBS,205.6,230.9,200.7,223.9
2002-02-13,2300,25,23,20,30,33,30,37,13,10,197,9,7,15,18,15,22,5,4,12,0.7,3,165,203.5,198.5,OBS,205.0,231.3,200.1,224.2
2002-02-14,2300,26,0,3,17,7,7,7,3,3,47,0,2,6,3,3,3,2,2,3,0.0,0,146,196.1,191.3,OBS,204.4,231.6,199.6,224.6
2002-02-15,2300,27,0,3,10,3,7,17,17,10,67,0,2,4,2,3,6,6,4,3,0.1,0,163,195.0,190.3,OBS,203.8,231.9,199.1,224.8
2002-02-16,2301,1,10,10,7,10,13,23,10,13,97,4,4,3,4,5,9,4,5,5,0.2,1,125,193.5,188.9,OBS,203.6,231.9,198.9,224.8
2002-02-17,2301,2,27,33,40,23,23,20,10,20,197,12,18,27,9,9,7,4,7,12,0.7,3,144,196.6,192.0,OBS,203.5,231.9,198.9,224.8
2002-02-18,2301,3,10,20,20,13,17,27,37,37,180,4,7,7,5,6,12,22,22,11,0.6,3,127,192.8,188.4,OBS,203.4,231.6,198.9,224.6
2002-02-19,2301,4,30,10,17,7,7,10,20,13,113,15,4,6,3,3,4,7,5,6,0.3,1,124,189.4,185.1,OBS,203.1,231.1,198.7,224.1
2002-02-20,2301,5,17,7,20,17,27,23,20,27,157,6,3,7,6,12,9,7,12,8,0.4,2,151,193.4,189.1,OBS,202.8,230.8,198.5,223.8
2002-02-21,2301,6,13,20,23,17,20,17,20,30,160,5,7,9,6,7,6,7,15,8,0.4,2,128,201.1,196.7,OBS,202.6,230.3,198.3,223.3
2002-02-22,2301,7,20,30,10,10,17,10,30,20,147,7,15,4,4,6,4,15,7,8,0.4,2,133,191.9,187.9,OBS,202.3,229.7,198.1,222.8
2002-02-23,2301,8,23,13,10,7,10,7,0,10,80,9,5,4,3,4,3,0,4,4,0.1,0,149,188.2,184.2,OBS,202.0,229.2,197.9,222.3
2002-02-24,2301,9,17,13,10,17,20,10,13,13,113,6,5,4,6,7,4,5,5,5,0.2,1,157,192.8,188.9,OBS,201.8,228.6,197.9,221.8
2002-02-25,2301,10,20,0,13,17,23,17,20,23,133,7,0,5,6,9,6,7,9,6,0.3,1,192,210.6,206.4,OBS,201.7,228.2,197.8,221.4
2002-02-26,2301,11,17,20,20,20,17,17,23,27,160,6,7,7,7,6,6,9,12,8,0.4,2,195,207.5,203.5,OBS,201.6,227.9,197.8,221.2
2002-02-27,2301,12,27,7,10,13,17,10,10,17,110,12,3,4,5,6,4,4,6,6,0.2,1,170,198.6,194.9,OBS,201.5,227.7,197.8,220.9
2002-02-28,2301,13,17,40,30,30,33,30,40,60,280,6,27,15,15,18,15,27,80,25,1.2,6,154,204.2,200.4,OBS,201.4,227.4,197.9,220.7
2002-03-01,2301,14,47,33,17,13,17,7,7,3,143,39,18,6,5,6,3,3,2,10,0.6,3,163,187.7,184.3,OBS,201.2,227.0,197.7,220.4
2002-03-02,2301,15,13,13,13,13,13,23,17,10,117,5,5,5,5,5,9,6,4,6,0.2,1,117,191.0,187.6,OBS,200.9,226.7,197.5,220.0
2002-03-03,2301,16,17,13,23,23,30,20,30,37,193,6,5,9,9,15,7,15,22,11,0.6,3,167,182.7,179.6,OBS,200.7,226.0,197.5,219.4
2002-03-04,2301,17,30,20,20,17,20,30,27,27,190,15,7,7,6,7,15,12,12,10,0.6,3,170,174.9,172.0,OBS,200.7,225.5,197.5,218.9
2002-03-05,2301,18,43,43,30,33,30,40,33,27,280,32,32,15,18,15,27,18,12,21,1.1,5,158,172.2,169.4,OBS,200.5,224.5,197.4,218.1
2002-03-06,2301,19,20,33,37,30,33,37,40,23,253,7,18,22,15,18,22,27,9,17,0.9,4,167,177.8,175.0,OBS,200.2,224.1,197.2,217.6
2002-03-07,2301,20,17,20,23,30,30,13,10,27,170,6,7,9,15,15,5,4,12,9,0.5,2,139,179.7,177.0,OBS,199.7,223.7,196.8,217.3
2002-03-08,2301,21,10,13,23,23,7,3,3,0,83,4,5,9,9,3,2,2,0,4,0.1,0,118,176.8,174.2,OBS,198.9,223.3,196.2,217.0
2002-03-09,2301,22,3,0,7,13,20,27,17,7,93,2,0,3,5,7,12,6,3,5,0.2,1,111,207.7,204.8,OBS,198.2,223.3,195.5,217.0
2002-03-10,2301,23,0,10,10,33,30,13,13,33,143,0,4,4,18,15,5,5,18,9,0.5,2,117,179.3,176.9,OBS,197.2,222.9,194.7,216.7
2002-03-11,2301,24,27,40,17,20,20,20,20,13,177,12,27,6,7,7,7,7,5,10,0.5,2,154,182.3,180.0,OBS,196.1,222.4,193.7,216.3
2002-03-12,2301,25,23,17,30,30,23,27,23,27,200,9,6,15,15,9,12,9,12,11,0.6,3,135,178.4,176.2,OBS,195.1,221.8,192.8,215.7
2002-03-13,2301,26,20,7,20,13,23,10,7,0,100,7,3,7,5,9,4,3,0,5,0.2,1,138,184.3,182.1,OBS,194.2,221.0,192.1,215.0
2002-03-14,2301,27,3,3,3,7,10,10,7,3,47,2,2,2,3,4,4,3,2,3,0.0,0,130,180.7,178.6,OBS,193.3,220.1,191.3,214.2
2002-03-15,2302,1,0,3,13,7,3,13,23,27,90,0,2,5,3,2,5,9,12,5,0.2,1,150,175.9,174.0,OBS,192.6,218.9,190.6,213.0
2002-03-16,2302,2,10,3,7,10,13,13,7,0,63,4,2,3,4,5,5,3,0,3,0.1,0,141,184.6,182.7,OBS,191.7,218.0,189.9,212.2
2002-03-17,2302,3,0,0,0,3,7,3,10,7,30,0,0,0,2,3,2,4,3,2,0.0,0,132,184.4,182.7,OBS,190.9,217.0,189.1,211.3
2002-03-18,2302,4,20,7,7,13,50,33,30,30,190,7,3,3,5,48,18,15,15,14,0.8,4,138,178.1,176.5,OBS,190.1,215.8,188.4,210.2
2002-03-19,2302,5,50,53,33,20,10,10,17,20,213,48,56,18,7,4,4,6,7,19,1.0,5,114,174.8,173.3,OBS,189.4,209.8,187.9,204.5
2002-03-20,2302,6,10,3,3,3,30,43,27,13,133,4,2,2,2,15,32,12,5,9,0.5,2,127,187.8,186.3,OBS,188.9,208.9,187.5,203.6
2002-03-21,2302,7,20,13,27,17,13,13,23,17,143,7,5,12,6,5,5,9,6,7,0.3,1,142,174.1,172.8,OBS,188.4,208.0,187.1,202.8
2002-03-22,2302,8,27,30,20,20,7,7,3,3,117,12,15,7,7,3,3,2,2,6,0.3,1,139,171.6,170.4,OBS,188.0,207.1,186.7,202.0
2002-03-23,2302,9,0,0,7,30,37,37,33,40,183,0,0,3,15,22,22,18,27,13,0.8,4,158,170.4,169.4,OBS,187.4,206.3,186.2,201.3
2002-03-24,2302,10,50,60,60,47,40,50,33,33,373,48,80,80,39,27,48,18,18,45,1.5,7,166,175.3,174.3,OBS,187.1,205.6,186.1,200.7
2002-03-25,2302,11,23,20,7,7,20,30,20,10,137,9,7,3,3,7,15,7,4,7,0.3,1,163,170.0,169.1,OBS,186.9,205.0,185.9,200.1
2002-03-26,2302,12,23,23,27,33,30,17,20,30,203,9,9,12,18,15,6,7,15,11,0.7,3,151,165.7,164.9,OBS,186.6,204.4,185.7,199.6
2002-03-27,2302,13,7,13,17,3,7,7,10,7,70,3,5,6,2,3,3,4,3,4,0.1,0,172,169.1,168.4,OBS,186.5,203.8,185.8,199.1
2002-03-28,2302,14,3,7,0,7,10,7,7,3,43,2,3,0,3,4,3,3,2,2,0.0,0,160,176.2,175.6,OBS,186.4,203.6,185.8,198.9
2002-03-29,2302,15,0,0,3,10,10,10,13,33,80,0,0,2,4,4,4,5,18,5,0.2,1,170,181.3,180.8,OBS,186.3,203.5,185.8,198.9
2002-03-30,2302,16,20,40,40,33,43,33,33,27,270,7,27,27,18,32,18,18,12,20,1.0,5,166,188.7,188.2,OBS,186.3,203.4,185.8,198.9
2002-03-31,2302,17,23,40,40,37,30,33,40,30,273,9,27,27,22,15,18,27,15,20,1.0,5,187,204.4,204.0,OBS,186.2,203.1,185.9,198.7
2002-04-01,2302,18,33,37,43,33,37,30,30,13,257,18,22,32,18,22,15,15,5,18,1.0,5,180,207.0,206.7,OBS,186.2,202.8,186.0,198.5
2002-04-02,2302,19,20,40,43,37,20,13,20,13,207,7,27,32,22,7,5,7,5,14,0.8,4,201,206.0,205.9,OBS,186.1,202.6,186.0,198.3
2002-04-03,2302,20,33,40,37,30,20,20,23,20,223,18,27,22,15,7,7,9,7,14,0.8,4,195,209.4,209.4,OBS,185.7,202.3,185.7,198.1
2002-04-04,2302,21,17,20,17,17,20,7,7,7,110,6,7,6,6,7,3,3,3,5,0.2,1,197,216.2,216.3,OBS,185.4,202.0,185.4,197.9
2002-04-05,2302,22,10,13,3,3,10,3,13,3,60,4,5,2,2,4,2,5,2,3,0.1,0,197,217.4,217.6,OBS,185.0,201.8,185.1,197.9
2002-04-06,2302,23,10,13,3,10,10,10,10,10,77,4,5,2,4,4,4,4,4,4,0.1,0,211,206.3,206.7,OBS,184.6,201.7,184.8,197.8
2002-04-07,2302,24,17,13,20,23,30,23,7,7,140,6,5,7,9,15,9,3,3,7,0.4,2,214,207.9,208.4,OBS,183.9,201.6,184.2,197.8
2002-04-08,2302,25,0,0,7,7,7,3,7,3,33,0,0,3,3,3,2,3,2,2,0.0,0,208,206.2,206.8,OBS,183.4,201.5,183.8,197.8
2002-04-09,2302,26,7,10,10,3,10,7,3,7,57,3,4,4,2,4,3,2,3,3,0.1,0,229,205.0,205.8,OBS,183.0,201.4,183.5,197.9
2002-04-10,2302,27,0,7,10,13,27,23,13,13,107,0,3,4,5,12,9,5,5,5,0.2,1,220,194.3,195.1,OBS,182.6,201.2,183.2,197.7
2002-04-11,2303,1,23,13,33,40,33,33,23,33,233,9,5,18,27,18,18,9,18,15,0.9,4,235,197.4,198.3,OBS,182.6,200.9,183.3,197.5
2002-04-12,2303,2,43,27,23,27,37,27,27,30,240,32,12,9,12,22,12,12,15,16,0.9,4,251,211.9,213.0,OBS,182.5,200.7,183.3,197.5
2002-04-13,2303,3,30,33,27,33,33,37,30,33,257,15,18,12,18,18,22,15,18,17,0.9,4,223,226.0,227.3,OBS,182.4,200.7,183.4,197.5
2002-04-14,2303,4,33,33,10,10,43,37,13,3,183,18,18,4,4,32,22,5,2,13,0.8,4,232,210.3,211.6,OBS,182.6,200.5,183.6,197.4
2002-04-15,2303,5,20,10,3,3,17,20,20,23,117,7,4,2,2,6,7,7,9,6,0.2,1,214,203.3,204.7,OBS,182.7,200.2,183.8,197.2
2002-04-16,2303,6,20,27,27,7,13,7,17,13,130,7,12,12,3,5,3,6,5,7,0.3,1,175,195.7,197.2,OBS,182.8,199.7,184.0,196.8
2002-04-17,2303,7,30,30,27,60,67,73,63,30,380,15,15,12,80,111,154,94,15,62,1.7,7,146,193.5,195.0,OBS,182.9,198.9,184.2,196.2
2002-04-18,2303,8,70,67,57,57,43,47,40,43,423,132,111,67,67,32,39,27,32,63,1.7,7,164,188.2,189.8,OBS,183.0,198.2,184.4,195.5
2002-04-19,2303,9,37,37,43,60,60,63,67,53,420,22,22,32,80,80,94,111,56,62,1.7,7,161,179.7,181.4,OBS,182.7,197.2,184.2,194.7
2002-04-20,2303,10,70,73,57,43,50,60,47,27,427,132,154,67,32,48,80,39,12,70,1.8,7,158,177.3,179.0,OBS,182.7,196.1,184.3,193.7
2002-04-21,2303,11,23,17,10,7,10,7,13,23,110,9,6,4,3,4,3,5,9,5,0.2,1,147,173.4,175.1,OBS,182.7,195.1,184.4,192.8
2002-04-22,2303,12,27,40,17,17,23,30,20,10,183,12,27,6,6,9,15,7,4,11,0.6,3,144,169.9,171.7,OBS,182.7,194.2,184.5,192.1
2002-04-23,2303,13,10,47,60,33,33,43,23,33,283,4,39,80,18,18,32,9,18,27,1.2,6,177,175.3,177.2,OBS,182.6,193.3,184.5,191.3
2002-04-24,2303,14,33,17,13,17,13,20,13,20,147,18,6,5,6,5,7,5,7,7,0.4,2,232,176.9,178.9,OBS,182.5,192.6,184.4,190.6
2002-04-25,2303,15,20,7,0,3,7,7,10,0,53,7,3,0,2,3,3,4,0,3,0.0,0,228,167.3,169.3,OBS,182.4,191.7,184.4,189.9
2002-04-26,2303,16,7,3,3,3,3,10,13,13,57,3,2,2,2,2,4,5,5,3,0.1,0,156,162.6,164.7,OBS,182.1,190.9,184.2,189.1
2002-04-27,2303,17,13,13,10,23,30,27,33,30,180,5,5,4,9,15,12,18,15,10,0.6,3,136,156.9,159.0,OBS,181.7,190.1,183.9,188.4
2002-04-28,2303,18,37,47,40,33,33,33,23,20,267,22,39,27,18,18,18,9,7,20,1.0,5,110,147.1,149.2,OBS,181.5,189.4,183.7,187.9
2002-04-29,2303,19,20,10,13,27,30,27,20,23,170,7,4,5,12,15,12,7,9,9,0.5,2,135,153.0,155.2,OBS,181.3,188.9,183.6,187.5
2002-04-30,2303,20,20,20,13,20,27,20,17,3,140,7,7,5,7,12,7,6,2,7,0.3,1,132,153.4,155.6,OBS,180.9,188.4,183.3,187.1
2002-05-01,2303,21,10,13,10,10,10,3,7,7,70,4,5,4,4,4,2,3,3,4,0.1,0,158,162.4,164.9,OBS,180.6,188.0,183.1,186.7
2002-05-02,2303,22,17,13,3,7,23,23,7,7,100,6,5,2,3,9,9,3,3,5,0.2,1,177,169.0,171.7,OBS,180.3,187.4,182.9,186.2
2002-05-03,2303,23,13,20,13,7,13,13,17,7,103,5,7,5,3,5,5,6,3,5,0.2,1,231,179.1,182.0,OBS,179.9,187.1,182.6,186.1
2002-05-04,2303,24,7,17,20,7,7,10,17,10,93,3,6,7,3,3,4,6,4,4,0.2,1,258,189.5,192.7,OBS,179.4,186.9,182.1,185.9
2002-05-05,2303,25,7,3,3,10,10,3,7,13,57,3,2,2,4,4,2,3,5,3,0.1,0,267,180.0,183.2,OBS,179.0,186.6,181.7,185.7
2002-05-06,2303,26,7,7,10,13,20,30,23,30,140,3,3,4,5,7,15,9,15,8,0.4,2,231,190.8,194.3,OBS,178.6,186.5,181.4,185.8
2002-05-07,2303,27,23,13,10,10,20,23,27,30,157,9,5,4,4,7,9,12,15,8,0.4,2,244,186.8,190.3,OBS,178.2,186.4,181.0,185.8
2002-05-08,2304,1,30,27,23,13,13,17,17,17,157,15,12,9,5,5,6,6,6,8,0.4,2,220,186.6,190.2,OBS,177.8,186.3,180.7,185.8
2002-05-09,2304,2,27,10,20,23,17,3,7,10,117,12,4,7,9,6,2,3,4,6,0.3,1,196,190.0,193.7,OBS,177.3,186.3,180.3,185.8
2002-05-10,2304,3,20,17,30,37,23,30,33,40,230,7,6,15,22,9,15,18,27,15,0.8,4,207,191.0,194.8,OBS,176.8,186.2,179.8,185.9
2002-05-11,2304,4,10,7,20,57,67,67,53,43,323,4,3,7,67,111,111,56,32,49,1.6,7,214,188.0,191.8,OBS,176.0,186.2,179.2,186.0
2002-05-12,2304,5,47,30,37,20,27,23,20,23,227,39,15,22,7,12,9,7,9,15,0.8,4,202,183.3,187.1,OBS,175.2,186.1,178.4,186.0
2002-05-13,2304,6,37,27,10,13,23,13,10,10,143,22,12,4,5,9,5,4,4,8,0.4,2,161,172.0,175.6,OBS,174.4,185.7,177.7,185.7
2002-05-14,2304,7,37,47,43,37,37,40,50,37,327,22,39,32,22,22,27,48,22,29,1.3,6,118,160.7,164.2,OBS,173.6,185.4,176.9,185.4
2002-05-15,2304,8,37,33,23,23,17,23,27,20,203,22,18,9,9,6,9,12,7,12,0.7,3,115,159.2,162.7,OBS,172.8,185.0,176.1,185.1
2002-05-16,2304,9,17,20,17,20,17,13,20,23,147,6,7,6,7,6,5,7,9,7,0.3,1,130,158.4,162.0,OBS,171.9,184.6,175.3,184.8
2002-05-17,2304,10,10,3,13,10,23,13,17,13,103,4,2,5,4,9,5,6,5,5,0.2,1,134,157.1,160.7,OBS,171.1,183.9,174.6,184.2
2002-05-18,2304,11,13,10,10,10,13,10,53,43,163,5,4,4,4,5,4,56,32,14,0.8,4,144,163.0,166.8,OBS,170.2,183.4,173.8,183.8
2002-05-19,2304,12,33,40,40,10,7,3,3,7,143,18,27,27,4,3,2,2,3,11,0.6,3,144,170.9,175.0,OBS,169.4,183.0,173.0,183.5
2002-05-20,2304,13,7,27,20,33,20,23,33,20,183,3,12,7,18,7,9,18,7,10,0.6,3,166,171.3,175.4,OBS,168.6,182.6,172.3,183.2
2002-05-21,2304,14,33,10,33,10,17,7,13,37,160,18,4,18,4,6,3,5,22,10,0.6,3,188,185.9,190.4,OBS,168.0,182.6,171.7,183.3
2002-05-22,2304,15,17,13,17,27,23,20,23,17,157,6,5,6,12,9,7,9,6,8,0.4,2,213,181.1,185.6,OBS,167.4,182.5,171.1,183.3
2002-05-23,2304,16,27,27,20,67,77,83,50,33,383,12,12,7,111,179,236,48,18,78,1.8,7,211,180.3,184.8,OBS,166.6,182.4,170.4,183.4
2002-05-24,2304,17,7,3,3,3,3,0,3,7,30,3,2,2,2,2,0,2,3,2,0.0,0,199,189.1,193.9,OBS,166.0,182.6,169.8,183.6
2002-05-25,2304,18,7,3,3,3,13,20,13,10,73,3,2,2,2,5,7,5,4,4,0.1,0,197,182.6,187.4,OBS,165.2,182.7,169.1,183.8
2002-05-26,2304,19,13,10,13,13,13,23,17,30,133,5,4,5,5,5,9,6,15,7,0.3,1,188,183.1,188.0,OBS,164.4,182.8,168.3,184.0
2002-05-27,2304,20,33,23,47,37,40,47,23,27,277,18,9,39,22,27,39,9,12,22,1.1,5,191,186.7,191.6,OBS,163.6,182.9,167.6,184.2
2002-05-28,2304,21,23,27,27,13,23,23,23,20,180,9,12,12,5,9,9,9,7,9,0.5,2,185,186.4,191.4,OBS,162.9,183.0,166.9,184.4
2002-05-29,2304,22,30,17,17,10,27,10,10,10,130,15,6,6,4,12,4,4,4,7,0.3,1,177,184.8,189.8,OBS,162.2,182.7,166.2,184.2
2002-05-30,2304,23,17,13,20,13,20,17,10,13,123,6,5,7,5,7,6,4,5,6,0.3,1,160,180.1,185.1,OBS,161.7,182.7,165.7,184.3
2002-05-31,2304,24,13,10,3,7,7,7,7,7,60,5,4,2,3,3,3,3,3,3,0.1,0,186,181.9,187.0,OBS,161.1,182.7,165.2,184.4
2002-06-01,2304,25,0,3,7,7,3,10,13,23,67,0,2,3,3,2,4,5,9,4,0.1,0,181,178.8,183.9,OBS,160.6,182.7,164.8,184.5
2002-06-02,2304,26,40,33,20,23,27,30,33,37,243,27,18,7,9,12,15,18,22,16,0.9,4,188,174.9,180.0,OBS,160.2,182.6,164.3,184.5
2002-06-03,2304,27,30,33,23,10,17,10,27,23,173,15,18,9,4,6,4,12,9,10,0.5,2,194,170.4,175.4,OBS,159.7,182.5,163.9,184.4
2002-06-04,2305,1,33,30,40,27,27,23,17,20,217,18,15,27,12,12,9,6,7,13,0.8,4,219,169.8,174.7,OBS,159.3,182.4,163.5,184.4
2002-06-05,2305,2,30,23,13,7,13,10,13,13,123,15,9,5,3,5,4,5,5,6,0.3,1,184,159.0,163.7,OBS,161.2,182.1,165.5,184.2
2002-06-06,2305,3,17,13,13,10,3,10,10,13,90,6,5,5,4,2,4,4,5,4,0.2,1,197,154.5,159.1,OBS,161.3,181.7,165.7,183.9
2002-06-07,2305,4,13,10,10,10,10,10,13,23,100,5,4,4,4,4,4,5,9,5,0.2,1,197,158.3,163.1,OBS,161.6,181.5,166.0,183.7
2002-06-08,2305,5,7,10,10,20,40,37,37,37,197,3,4,4,7,27,22,22,22,14,0.8,4,185,155.2,159.9,OBS,162.0,181.3,166.5,183.6
2002-06-09,2305,6,27,27,20,17,13,17,27,20,167,12,12,7,6,5,6,12,7,8,0.5,2,165,157.1,161.9,OBS,162.4,180.9,166.9,183.3
2002-06-10,2305,7,17,20,33,27,33,37,30,27,223,6,7,18,12,18,22,15,12,14,0.8,4,128,151.6,156.2,OBS,162.8,180.6,167.3,183.1
2002-06-11,2305,8,23,17,23,23,17,20,23,20,167,9,6,9,9,6,7,9,7,8,0.4,2,99,147.8,152.4,OBS,163.0,180.3,167.6,182.9
2002-06-12,2305,9,27,17,7,17,17,13,13,20,130,12,6,3,6,6,5,5,7,6,0.3,1,109,141.7,146.2,OBS,163.3,179.9,167.9,182.6
2002-06-13,2305,10,13,23,17,13,17,23,27,13,147,5,9,6,5,6,9,12,5,7,0.4,2,80,133.4,137.6,OBS,163.5,179.4,168.2,182.1
2002-06-14,2305,11,17,7,10,7,10,10,10,10,80,6,3,4,3,4,4,4,4,4,0.1,0,107,131.4,135.6,OBS,163.7,179.0,168.5,181.7
2002-06-15,2305,12,10,7,7,7,7,3,10,23,73,4,3,3,3,3,2,4,9,4,0.1,0,102,135.3,139.7,OBS,164.2,178.6,169.0,181.4
2002-06-16,2305,13,20,17,27,17,27,10,13,20,150,7,6,12,6,12,4,5,7,7,0.4,2,117,136.7,141.0,OBS,164.8,178.2,169.7,181.0
2002-06-17,2305,14,23,13,13,10,7,10,7,7,90,9,5,5,4,3,4,3,3,4,0.2,1,88,142.9,147.5,OBS,165.4,177.8,170.2,180.7
2002-06-18,2305,15,7,7,7,23,33,30,33,27,167,3,3,3,9,18,15,18,12,10,0.6,3,127,142.9,147.5,OBS,166.0,177.3,170.9,180.3
2002-06-19,2305,16,37,27,23,27,13,23,20,30,200,22,12,9,12,5,9,7,15,11,0.7,3,115,145.8,150.5,OBS,166.6,176.8,171.5,179.8
2002-06-20,2305,17,20,20,20,17,10,7,10,7,110,7,7,7,6,4,3,4,3,5,0.2,1,108,145.1,149.8,OBS,167.0,176.0,172.0,179.2
2002-06-21,2305,18,17,23,10,13,23,20,23,13,143,6,9,4,5,9,7,9,5,7,0.3,1,83,139.6,144.2,OBS,167.3,175.2,172.3,178.4
2002-06-22,2305,19,10,7,7,13,13,20,20,27,117,4,3,3,5,5,7,7,12,6,0.3,1,83,142.0,146.6,OBS,167.4,174.4,172.4,177.7
2002-06-23,2305,20,17,23,30,30,23,13,20,20,177,6,9,15,15,9,5,7,7,9,0.5,2,95,142.8,147.5,OBS,167.5,173.6,172.5,176.9
2002-06-24,2305,21,17,17,13,13,10,20,13,7,110,6,6,5,5,4,7,5,3,5,0.2,1,108,150.3,155.3,OBS,167.6,172.8,172.7,176.1
2002-06-25,2305,22,20,13,10,17,33,13,17,27,150,7,5,4,6,18,5,6,12,8,0.4,2,111,144.7,149.5,OBS,167.5,171.9,172.6,175.3
2002-06-26,2305,23,27,10,3,3,17,23,10,10,103,12,4,2,2,6,9,4,4,5,0.2,1,108,143.8,148.6,OBS,167.3,171.1,172.4,174.6
2002-06-27,2305,24,10,3,3,3,3,3,10,0,37,4,2,2,2,2,2,4,0,2,0.0,0,96,138.6,143.2,OBS,167.1,170.2,172.2,173.8
2002-06-28,2305,25,3,3,3,3,7,10,7,3,40,2,2,2,2,3,4,3,2,2,0.0,0,88,137.3,141.9,OBS,166.8,169.4,171.9,173.0
2002-06-29,2305,26,10,7,3,13,10,13,23,23,103,4,3,2,5,4,5,9,9,5,0.2,1,96,142.7,147.5,OBS,166.3,168.6,171.4,172.3
2002-06-30,2305,27,23,27,30,27,27,23,23,33,213,9,12,15,12,12,9,9,18,12,0.7,3,105,146.5,151.4,OBS,165.9,168.0,171.0,171.7
2002-07-01,2306,1,30,33,20,30,37,30,27,10,217,15,18,7,15,22,15,12,4,14,0.8,4,94,147.4,152.3,OBS,165.5,167.4,170.6,171.1
2002-07-02,2306,2,23,10,13,7,3,7,17,13,93,9,4,5,3,2,3,6,5,5,0.2,1,99,148.5,153.5,OBS,165.4,166.6,170.5,170.4
2002-07-03,2306,3,7,7,7,10,13,7,17,7,73,3,3,3,4,5,3,6,3,4,0.1,0,129,172.5,178.3,OBS,165.4,166.0,170.5,169.8
2002-07-04,2306,4,13,7,7,3,7,3,13,30,83,5,3,3,2,3,2,5,15,5,0.2,1,133,146.3,151.3,OBS,165.4,165.2,170.6,169.1
2002-07-05,2306,5,20,13,23,20,23,27,40,33,200,7,5,9,7,9,12,27,18,12,0.7,3,142,138.8,143.5,OBS,165.8,164.4,170.9,168.3
2002-07-06,2306,6,40,43,33,40,33,37,33,30,290,27,32,18,27,18,22,18,15,22,1.1,5,121,133.5,138.0,OBS,166.1,163.6,171.2,167.6
2002-07-07,2306,7,33,13,17,13,20,23,23,10,153,18,5,6,5,7,9,9,4,8,0.4,2,107,136.9,141.5,OBS,166.4,162.9,171.6,166.9
2002-07-08,2306,8,20,13,10,17,20,13,17,40,150,7,5,4,6,7,5,6,27,8,0.5,2,102,130.9,135.3,OBS,166.9,162.2,172.1,166.2
2002-07-09,2306,9,30,23,27,27,23,30,30,27,217,15,9,12,12,9,15,15,12,12,0.7,3,103,136.3,140.9,OBS,167.6,161.7,172.8,165.7
2002-07-10,2306,10,20,17,23,17,17,13,23,20,150,7,6,9,6,6,5,9,7,7,0.3,1,94,128.8,133.1,OBS,168.3,161.1,173.5,165.2
2002-07-11,2306,11,13,3,7,10,17,10,20,27,107,5,2,3,4,6,4,7,12,5,0.2,1,99,136.4,141.0,OBS,168.9,160.6,174.0,164.8
2002-07-12,2306,12,20,27,30,47,40,40,30,20,253,7,12,15,39,27,27,15,7,19,1.0,5,84,133.2,137.7,OBS,169.4,160.2,174.6,164.3
2002-07-13,2306,13,20,20,13,13,17,17,17,10,127,7,7,5,5,6,6,6,4,6,0.3,1,116,134.9,139.4,OBS,169.9,159.7,175.1,163.9
2002-07-14,2306,14,3,3,7,7,3,7,7,3,40,2,2,3,3,2,3,3,2,2,0.0,0,126,143.8,148.6,OBS,170.6,159.3,175.8,163.5
2002-07-15,2306,15,7,3,13,7,10,13,17,13,83,3,2,5,3,4,5,6,5,4,0.1,0,155,323.6,334.3,OBS,170.9,161.2,176.1,165.5
2002-07-16,2306,16,17,20,13,17,27,30,40,33,197,6,7,5,6,12,15,27,18,12,0.7,3,160,171.5,177.2,OBS,171.2,161.3,176.3,165.7
2002-07-17,2306,17,27,37,30,23,23,50,40,30,260,12,22,15,9,9,48,27,15,20,1.0,5,147,180.0,185.9,OBS,171.4,161.6,176.5,166.0
2002-07-18,2306,18,27,17,17,17,7,3,3,3,93,12,6,6,6,3,2,2,2,5,0.2,1,149,180.7,186.6,OBS,171.4,162.0,176.5,166.5
2002-07-19,2306,19,3,7,3,33,20,33,17,40,157,2,3,2,18,7,18,6,27,10,0.6,3,134,182.3,188.3,OBS,171.5,162.4,176.6,166.9
2002-07-20,2306,20,43,43,27,20,17,23,30,40,243,32,32,12,7,6,9,15,27,18,1.0,5,124,184.8,190.7,OBS,171.6,162.8,176.7,167.3
2002-07-21,2306,21,43,47,33,13,37,37,33,10,253,32,39,18,5,22,22,18,4,20,1.0,5,124,182.8,188.7,OBS,171.9,163.0,177.0,167.6
2002-07-22,2306,22,23,23,40,37,33,30,27,30,243,9,9,27,22,18,15,12,15,16,0.9,4,147,189.7,195.8,OBS,172.3,163.3,177.4,167.9
2002-07-23,2306,23,37,20,23,20,27,33,37,47,243,22,7,9,7,12,18,22,39,17,0.9,4,196,198.3,204.6,OBS,172.8,163.5,177.8,168.2
2002-07-24,2306,24,27,20,17,17,20,10,20,13,143,12,7,6,6,7,4,7,5,7,0.3,1,209,208.4,215.0,OBS,173.3,163.7,178.3,168.5
2002-07-25,2306,25,23,23,17,27,27,27,30,37,210,9,9,6,12,12,12,15,22,12,0.7,3,215,217.7,224.5,OBS,173.8,164.2,178.8,169.0
2002-07-26,2306,26,33,27,20,27,20,30,27,30,213,18,12,7,12,7,15,12,15,12,0.7,3,265,241.5,249.1,OBS,174.2,164.8,179.2,169.7
2002-07-27,2306,27,37,30,23,33,40,33,30,30,257,22,15,9,18,27,18,15,15,17,0.9,4,294,230.8,238.0,OBS,174.7,165.4,179.7,170.2
2002-07-28,2307,1,37,30,23,17,20,27,20,20,193,22,15,9,6,7,12,7,7,11,0.6,3,310,238.8,246.2,OBS,175.2,166.0,180.1,170.9
2002-07-29,2307,2,17,23,20,10,43,30,17,13,173,6,9,7,4,32,15,6,5,10,0.6,3,293,234.0,241.1,OBS,175.6,166.6,180.6,171.5
2002-07-30,2307,3,13,13,10,7,10,20,30,23,127,5,5,4,3,4,7,15,9,6,0.3,1,281,227.2,234.1,OBS,176.2,167.0,181.1,172.0
2002-07-31,2307,4,17,10,7,20,23,30,20,10,137,6,4,3,7,9,15,7,4,7,0.3,1,239,208.5,214.8,OBS,177.0,167.3,181.8,172.3
2002-08-01,2307,5,7,33,33,40,53,40,30,47,283,3,18,18,27,56,27,15,39,25,1.2,6,207,192.6,198.3,OBS,178.0,167.4,182.8,172.4
2002-08-02,2307,6,60,60,37,23,43,37,40,57,357,80,80,22,9,32,22,27,67,42,1.5,7,199,180.3,185.7,OBS,178.9,167.5,183.7,172.5
2002-08-03,2307,7,47,27,33,27,20,20,27,20,220,39,12,18,12,7,7,12,7,14,0.8,4,183,167.8,172.7,OBS,179.7,167.6,184.5,172.7
2002-08-04,2307,8,33,43,33,27,13,17,23,7,197,18,32,18,12,5,6,9,3,13,0.7,3,143,150.9,155.3,OBS,180.4,167.5,185.2,172.6
2002-08-05,2307,9,10,13,10,10,7,10,13,20,93,4,5,4,4,3,4,5,7,4,0.2,1,127,141.9,146.0,OBS,181.2,167.3,185.9,172.4
2002-08-06,2307,10,20,13,7,7,13,3,3,7,73,7,5,3,3,5,2,2,3,4,0.1,0,131,144.6,148.8,OBS,181.7,167.1,186.5,172.2
2002-08-07,2307,11,20,10,10,10,7,13,13,7,90,7,4,4,4,3,5,5,3,4,0.2,1,133,136.2,140.1,OBS,182.3,166.8,187.0,171.9
2002-08-08,2307,12,10,17,3,10,17,13,23,30,123,4,6,2,4,6,5,9,15,6,0.3,1,115,134.6,138.3,OBS,183.0,166.3,187.6,171.4
2002-08-09,2307,13,17,10,20,17,40,33,37,33,207,6,4,7,6,27,18,22,18,14,0.8,4,110,140.1,144.0,OBS,183.4,165.9,188.0,171.0
2002-08-10,2307,14,37,47,20,27,33,20,17,27,227,22,39,7,12,18,7,6,12,15,0.9,4,110,148.4,152.4,OBS,183.6,165.5,188.2,170.6
2002-08-11,2307,15,7,13,17,27,43,37,33,23,200,3,5,6,12,32,22,18,9,13,0.8,4,149,172.3,176.9,OBS,183.8,165.4,188.4,170.5
2002-08-12,2307,16,30,30,27,27,30,17,20,27,207,15,15,12,12,15,6,7,12,12,0.7,3,177,183.9,188.8,OBS,184.0,165.4,188.4,170.5
2002-08-13,2307,17,30,30,20,17,13,10,20,20,160,15,15,7,6,5,4,7,7,8,0.4,2,202,191.8,196.8,OBS,183.8,165.4,188.2,170.6
2002-08-14,2307,18,17,17,20,20,37,37,27,30,203,6,6,7,7,22,22,12,15,12,0.7,3,267,208.1,213.5,OBS,183.9,165.8,188.3,170.9
2002-08-15,2307,19,20,17,23,33,30,33,53,50,260,7,6,9,18,15,18,56,48,22,1.1,5,279,210.3,215.7,OBS,184.1,166.1,188.5,171.2
2002-08-16,2307,20,27,23,43,23,27,17,13,10,183,12,9,32,9,12,6,5,4,11,0.6,3,263,213.8,219.1,OBS,184.4,166.4,188.7,171.6
2002-08-17,2307,21,7,30,33,13,20,13,20,20,157,3,15,18,5,7,5,7,7,8,0.5,2,281,226.7,232.3,OBS,184.5,166.9,188.8,172.1
2002-08-18,2307,22,33,27,13,13,20,17,53,53,230,18,12,5,5,7,6,56,56,21,1.1,5,270,241.0,246.9,OBS,184.8,167.6,189.0,172.8
2002-08-19,2307,23,43,40,50,40,33,30,37,50,323,32,27,48,27,18,15,22,48,30,1.3,6,248,237.0,242.6,OBS,185.0,168.3,189.1,173.5
2002-08-20,2307,24,33,40,17,17,13,33,57,63,273,18,27,6,6,5,18,67,94,30,1.3,6,211,227.5,232.8,OBS,185.1,168.9,189.2,174.0
2002-08-21,2307,25,53,53,53,30,40,27,30,30,317,56,56,56,15,27,12,15,15,32,1.3,6,192,219.9,225.0,OBS,185.1,169.4,189.1,174.6
2002-08-22,2307,26,30,27,27,10,10,13,17,10,143,15,12,12,4,4,5,6,4,8,0.4,2,172,220.1,225.1,OBS,185.2,169.9,189.2,175.1
2002-08-23,2307,27,10,13,17,17,10,13,27,27,133,4,5,6,6,4,5,12,12,7,0.3,1,186,224.5,229.5,OBS,185.2,170.6,189.1,175.8
2002-08-24,2308,1,20,10,10,10,13,10,7,7,87,7,4,4,4,5,4,3,3,4,0.1,0,149,195.6,199.8,OBS,185.2,170.9,189.1,176.1
2002-08-25,2308,2,17,10,17,13,10,7,7,23,103,6,4,6,5,4,3,3,9,5,0.2,1,148,178.6,182.4,OBS,183.2,171.2,186.9,176.3
2002-08-26,2308,3,20,20,17,33,37,47,33,30,237,7,7,6,18,22,39,18,15,16,0.9,4,119,168.6,172.2,OBS,183.0,171.4,186.6,176.5
2002-08-27,2308,4,27,37,23,27,27,27,20,33,220,12,22,9,12,12,12,7,18,13,0.7,3,121,161.4,164.7,OBS,182.7,171.4,186.3,176.5
2002-08-28,2308,5,20,17,20,13,13,17,23,23,147,7,6,7,5,5,6,9,9,7,0.3,1,122,163.2,166.4,OBS,182.5,171.5,186.1,176.6
2002-08-29,2308,6,30,10,7,13,30,30,17,13,150,15,4,3,5,15,15,6,5,8,0.5,2,124,169.3,172.6,OBS,182.3,171.6,185.8,176.7
2002-08-30,2308,7,10,27,30,17,27,17,23,3,153,4,12,15,6,12,6,9,2,8,0.4,2,146,174.8,178.2,INT,182.1,171.9,185.5,177.0
2002-08-31,2308,8,7,13,17,23,20,13,17,33,143,3,5,6,9,7,5,6,18,7,0.4,2,160,180.3,183.7,OBS,182.0,172.3,185.3,177.4
2002-09-01,2308,9,37,23,20,17,17,13,20,40,187,22,9,7,6,6,5,7,27,11,0.6,3,206,180.5,183.8,OBS,181.9,172.8,185.1,177.8
2002-09-02,2308,10,33,23,17,30,20,10,7,7,147,18,9,6,15,7,4,3,3,8,0.4,2,233,173.8,176.9,OBS,181.6,173.3,184.7,178.3
2002-09-03,2308,11,3,7,7,23,13,7,33,27,120,2,3,3,9,5,3,18,12,7,0.3,1,252,171.4,174.4,OBS,181.3,173.8,184.3,178.8
2002-09-04,2308,12,43,63,43,50,47,47,47,27,367,32,94,32,48,39,39,39,12,42,1.5,7,247,171.3,174.2,OBS,180.8,174.2,183.7,179.2
2002-09-05,2308,13,20,33,17,17,17,17,13,13,147,7,18,6,6,6,6,5,5,7,0.4,2,226,175.2,178.1,OBS,180.0,174.7,182.8,179.7
2002-09-06,2308,14,17,20,23,20,27,13,13,13,147,6,7,9,7,12,5,5,5,7,0.4,2,202,178.1,180.9,OBS,179.4,175.2,182.1,180.1
2002-09-07,2308,15,20,33,30,17,27,67,73,70,337,7,18,15,6,12,111,154,132,57,1.7,7,206,182.8,185.6,OBS,178.7,175.6,181.3,180.6
2002-09-08,2308,16,73,57,33,17,7,20,30,37,273,154,67,18,6,3,7,15,22,36,1.4,6,213,191.6,194.4,OBS,177.9,176.2,180.4,181.1
2002-09-09,2308,17,17,7,3,7,17,20,33,40,143,6,3,2,3,6,7,18,27,9,0.5,2,199,206.0,209.0,OBS,177.3,177.0,179.7,181.8
2002-09-10,2308,18,37,23,17,30,40,47,43,47,283,22,9,6,15,27,39,32,39,24,1.1,5,202,220.5,223.5,OBS,177.0,178.0,179.3,182.8
2002-09-11,2308,19,23,23,40,50,30,47,37,47,297,9,9,27,48,15,39,22,39,26,1.2,6,187,216.1,219.0,OBS,176.9,178.9,179.1,183.7
2002-09-12,2308,20,33,30,27,30,33,27,30,20,230,18,15,12,15,18,12,15,7,14,0.8,4,187,212.4,215.1,OBS,176.7,179.7,178.9,184.5
2002-09-13,2308,21,33,30,30,30,17,13,20,13,187,18,15,15,15,6,5,7,5,11,0.6,3,187,206.1,208.6,OBS,176.7,180.4,178.7,185.2
2002-09-14,2308,22,27,30,23,23,17,13,13,7,153,12,15,9,9,6,5,5,3,8,0.4,2,149,206.9,209.2,OBS,176.8,181.2,178.8,185.9
2002-09-15,2308,23,17,10,13,17,13,17,23,20,130,6,4,5,6,5,6,9,7,6,0.3,1,166,187.8,189.9,OBS,177.2,181.7,179.1,186.5
2002-09-16,2308,24,10,10,13,17,30,13,13,3,110,4,4,5,6,15,5,5,2,6,0.3,1,170,182.6,184.5,OBS,177.3,182.3,179.2,187.0
2002-09-17,2308,25,3,27,20,30,27,27,27,30,190,2,12,7,15,12,12,12,15,11,0.6,3,199,194.0,195.9,OBS,177.6,183.0,179.3,187.6
2002-09-18,2308,26,37,27,23,33,37,27,20,27,230,22,12,9,18,22,12,7,12,14,0.8,4,207,176.8,178.4,OBS,177.9,183.4,179.6,188.0
2002-09-19,2308,27,27,13,20,30,37,47,20,30,223,12,5,7,15,22,39,7,15,15,0.9,4,192,165.3,166.7,OBS,178.2,183.6,179.8,188.2
2002-09-20,2309,1,20,17,10,7,3,7,3,13,80,7,6,4,3,2,3,2,5,4,0.1,0,195,164.4,165.8,OBS,178.4,183.8,179.9,188.4
2002-09-21,2309,2,17,10,10,20,23,27,10,7,123,6,4,4,7,9,12,4,3,6,0.3,1,182,158.6,159.8,OBS,178.4,184.0,179.8,188.4
2002-09-22,2309,3,20,13,20,7,20,27,17,13,137,7,5,7,3,7,12,6,5,6,0.3,1,185,160.0,161.1,OBS,178.1,183.8,179.4,188.2
2002-09-23,2309,4,10,3,7,0,0,7,7,0,33,4,2,3,0,0,3,3,0,2,0.0,0,192,153.8,154.8,OBS,177.8,183.9,179.0,188.3
2002-09-24,2309,5,0,0,3,13,13,3,10,3,47,0,0,2,5,5,2,4,2,2,0.0,0,177,157.9,158.9,OBS,177.3,184.1,178.4,188.5
2002-09-25,2309,6,0,0,0,3,13,10,3,10,40,0,0,0,2,5,4,2,4,2,0.0,0,190,153.4,154.2,OBS,176.9,184.4,177.9,188.7
2002-09-26,2309,7,17,7,10,10,7,13,17,27,107,6,3,4,4,3,5,6,12,5,0.2,1,154,149.9,150.6,OBS,176.5,184.5,177.4,188.8
2002-09-27,2309,8,30,13,3,13,17,17,7,17,117,15,5,2,5,6,6,3,6,6,0.3,1,154,151.6,152.2,OBS,176.0,184.8,176.8,189.0
2002-09-28,2309,9,20,13,10,7,3,13,17,13,97,7,5,4,3,2,5,6,5,5,0.2,1,137,148.6,149.1,OBS,175.3,185.0,176.1,189.1
2002-09-29,2309,10,3,7,10,3,13,10,7,17,70,2,3,4,2,5,4,3,6,4,0.1,0,130,138.1,138.6,OBS,174.8,185.1,175.4,189.2
2002-09-30,2309,11,17,37,40,50,50,33,33,47,307,6,22,27,48,48,18,18,39,28,1.2,6,110,139.7,140.1,OBS,174.3,185.1,174.8,189.1
2002-10-01,2309,12,17,27,47,57,67,73,47,67,400,6,12,39,67,111,154,39,111,67,1.7,7,90,139.8,140.1,OBS,173.9,185.2,174.3,189.2
2002-10-02,2309,13,70,73,53,37,27,33,27,33,353,132,154,56,22,12,18,12,18,53,1.6,7,109,135.8,136.0,OBS,173.5,185.2,173.8,189.1
2002-10-03,2309,14,60,27,37,30,37,50,63,57,360,80,12,22,15,22,48,94,67,45,1.5,7,104,145.9,146.1,OBS,172.9,185.2,173.1,189.1
2002-10-04,2309,15,73,57,60,47,40,37,63,43,420,154,67,80,39,27,22,94,32,64,1.7,7,93,157.5,157.6,OBS,172.8,183.2,172.9,186.9
2002-10-05,2309,16,43,43,27,33,47,53,33,30,310,32,32,12,18,39,56,18,15,28,1.2,6,118,155.1,155.1,OBS,172.8,183.0,172.8,186.6
2002-10-06,2309,17,17,33,37,30,13,17,37,40,223,6,18,22,15,5,6,22,27,15,0.9,4,126,161.7,161.6,OBS,173.2,182.7,173.1,186.3
2002-10-07,2309,18,33,53,57,37,50,47,57,57,390,18,56,67,22,48,39,67,67,48,1.6,7,123,163.8,163.5,OBS,173.7,182.5,173.5,186.1
2002-10-08,2309,19,47,60,43,40,40,43,33,23,330,39,80,32,27,27,32,18,9,33,1.3,6,157,165.4,165.1,OBS,173.9,182.3,173.6,185.8
2002-10-09,2309,20,10,30,43,33,37,40,37,33,263,4,15,32,18,22,27,22,18,20,1.0,5,164,167.2,166.8,OBS,174.1,182.1,173.7,185.5
2002-10-10,2309,21,30,37,40,40,23,20,13,30,233,15,22,27,27,9,7,5,15,16,0.9,4,200,171.9,171.4,OBS,174.0,182.0,173.5,185.3
2002-10-11,2309,22,13,20,20,17,20,17,10,17,133,5,7,7,6,7,6,4,6,6,0.3,1,188,179.4,178.7,OBS,173.7,181.9,173.1,185.1
2002-10-12,2309,23,17,10,13,23,17,20,7,17,123,6,4,5,9,6,7,3,6,6,0.3,1,189,180.4,179.7,OBS,173.3,181.6,172.7,184.7
2002-10-13,2309,24,13,17,17,10,10,10,17,17,110,5,6,6,4,4,4,6,6,5,0.2,1,185,179.2,178.3,OBS,173.0,181.3,172.3,184.3
2002-10-14,2309,25,27,37,47,33,47,37,30,30,287,12,22,39,18,39,22,15,15,23,1.1,5,177,181.2,180.2,OBS,172.7,180.8,171.9,183.7
2002-10-15,2309,26,27,33,27,40,27,40,37,27,257,12,18,12,27,12,27,22,12,18,1.0,5,180,176.8,175.7,OBS,172.4,180.0,171.5,182.8
2002-10-16,2309,27,33,17,17,23,27,30,57,30,233,18,6,6,9,12,15,67,15,18,1.0,5,199,182.5,181.4,OBS,172.0,179.4,171.0,182.1
2002-10-17,2310,1,37,33,27,17,30,20,23,27,213,22,18,12,6,15,7,9,12,13,0.7,3,171,178.9,177.7,OBS,171.5,178.7,170.4,181.3
2002-10-18,2310,2,33,33,23,20,30,30,27,30,227,18,18,9,7,15,15,12,15,14,0.8,4,183,172.6,171.3,OBS,171.0,177.9,169.9,180.4
2002-10-19,2310,3,27,33,27,20,20,23,37,37,223,12,18,12,7,7,9,22,22,14,0.8,4,186,179.5,178.1,OBS,170.4,177.3,169.2,179.7
2002-10-20,2310,4,30,33,17,23,27,17,17,27,190,15,18,6,9,12,6,6,12,10,0.6,3,189,180.3,178.7,OBS,169.6,177.0,168.3,179.3
2002-10-21,2310,5,20,27,27,17,20,20,17,20,167,7,12,12,6,7,7,6,7,8,0.4,2,144,182.5,180.8,OBS,168.7,176.9,167.3,179.1
2002-10-22,2310,6,30,17,17,37,23,17,27,10,177,15,6,6,22,9,6,12,4,10,0.6,3,136,169.4,167.7,OBS,167.8,176.7,166.4,178.9
2002-10-23,2310,7,10,10,20,20,30,33,30,33,187,4,4,7,7,15,18,15,18,11,0.6,3,119,163.6,161.9,OBS,167.0,176.7,165.5,178.7
2002-10-24,2310,8,50,57,43,60,60,63,57,47,437,48,67,32,80,80,94,67,39,63,1.7,7,113,160.3,158.5,OBS,166.3,176.8,164.6,178.8
2002-10-25,2310,9,60,50,50,43,47,30,33,43,357,80,48,48,32,39,15,18,32,39,1.4,6,119,172.9,170.9,OBS,165.6,177.2,163.8,179.1
2002-10-26,2310,10,40,40,37,47,40,40,43,30,317,27,27,22,39,27,27,32,15,27,1.2,6,126,158.0,156.1,OBS,165.1,177.3,163.3,179.2
2002-10-27,2310,11,30,40,37,27,37,40,40,50,300,15,27,22,12,22,27,27,48,25,1.2,6,130,157.1,155.2,OBS,164.7,177.6,162.8,179.3
2002-10-28,2310,12,47,37,33,33,30,23,33,27,263,39,22,18,18,15,9,18,12,19,1.0,5,135,158.3,156.3,OBS,164.1,177.9,162.2,179.6
2002-10-29,2310,13,33,27,30,37,27,17,30,30,230,18,12,15,22,12,6,15,15,14,0.8,4,177,161.6,159.4,OBS,163.9,178.2,161.8,179.8
2002-10-30,2310,14,20,27,50,27,20,23,33,30,230,7,12,48,12,7,9,18,15,16,0.9,4,186,167.7,165.3,OBS,163.7,178.4,161.6,179.9
2002-10-31,2310,15,40,33,30,33,40,40,33,20,270,27,18,15,18,27,27,18,7,20,1.0,5,171,170.2,167.7,OBS,163.7,178.4,161.5,179.8
2002-11-01,2310,16,20,13,20,17,10,23,20,23,147,7,5,7,6,4,9,7,9,7,0.3,1,191,162.2,159.7,OBS,163.6,178.1,161.4,179.4
2002-11-02,2310,17,47,30,33,40,37,37,50,43,317,39,15,18,27,22,22,48,32,28,1.2,6,177,164.6,162.1,OBS,163.5,177.8,161.2,179.0
2002-11-03,2310,18,37,47,40,40,43,53,47,47,353,22,39,27,27,32,56,39,39,35,1.4,6,190,169.2,166.5,OBS,163.7,177.3,161.3,178.4
2002-11-04,2310,19,40,40,37,33,27,40,30,47,293,27,27,22,18,12,27,15,39,23,1.1,5,165,177.4,174.4,OBS,164.0,176.9,161.5,177.9
2002-11-05,2310,20,33,47,37,40,40,33,30,37,297,18,39,22,27,27,18,15,22,24,1.1,5,188,183.1,180.0,OBS,164.7,176.5,162.1,177.4
2002-11-06,2310,21,40,33,33,33,33,33,43,37,287,27,18,18,18,18,18,32,22,21,1.1,5,211,184.5,181.2,OBS,165.3,176.0,162.6,176.8
2002-11-07,2310,22,37,33,23,30,23,27,27,17,217,22,18,9,15,9,12,12,6,13,0.7,3,223,189.8,186.4,OBS,166.1,175.3,163.3,176.1
2002-11-08,2310,23,10,13,13,17,13,7,20,3,97,4,5,5,6,5,3,7,2,5,0.2,1,188,189.0,185.5,OBS,166.7,174.8,163.8,175.4
2002-11-09,2310,24,7,0,10,7,7,17,27,30,103,3,0,4,3,3,6,12,15,6,0.3,1,199,190.6,187.0,OBS,167.3,174.3,164.4,174.8
2002-11-10,2310,25,37,43,50,17,20,20,17,23,227,22,32,48,6,7,7,6,9,17,0.9,4,194,191.4,187.7,OBS,168.0,173.9,165.0,174.3
2002-11-11,2310,26,20,20,30,33,37,13,23,27,203,7,7,15,18,22,5,9,12,12,0.7,3,176,184.7,181.0,OBS,168.6,173.5,165.5,173.8
2002-11-12,2310,27,20,27,23,40,33,17,40,40,240,7,12,9,27,18,6,27,27,17,0.9,4,154,178.2,174.6,OBS,169.0,172.9,165.9,173.1
2002-11-13,2311,1,40,37,23,27,30,17,17,20,210,27,22,9,12,15,6,6,7,13,0.7,3,145,182.4,178.6,OBS,169.2,172.8,166.0,172.9
2002-11-14,2311,2,30,20,13,17,20,27,20,20,167,15,7,5,6,7,12,7,7,8,0.4,2,160,184.1,180.2,OBS,169.1,172.8,165.8,172.8
2002-11-15,2311,3,30,27,27,30,23,20,23,30,210,15,12,12,15,9,7,9,15,12,0.7,3,157,197.5,193.2,OBS,168.8,173.2,165.4,173.1
2002-11-16,2311,4,30,13,10,3,10,7,17,33,123,15,5,4,2,4,3,6,18,7,0.4,2,137,199.2,194.8,OBS,168.4,173.7,165.0,173.5
2002-11-17,2311,5,37,23,10,3,7,17,10,20,127,22,9,4,2,3,6,4,7,7,0.4,2,140,184.7,180.5,OBS,167.8,173.9,164.3,173.6
2002-11-18,2311,6,30,20,17,13,23,20,30,30,183,15,7,6,5,9,7,15,15,10,0.6,3,128,178.9,174.8,OBS,167.2,174.1,163.7,173.7
2002-11-19,2311,7,30,33,33,20,20,17,33,40,227,15,18,18,7,7,6,18,27,14,0.8,4,114,168.2,164.3,OBS,166.5,174.0,163.0,173.5
2002-11-20,2311,8,33,27,13,23,10,40,60,50,257,18,12,5,9,4,27,80,48,25,1.2,6,145,159.1,155.3,OBS,165.8,173.7,162.2,173.1
2002-11-21,2311,9,43,53,67,53,47,43,47,43,397,32,56,111,56,39,32,39,32,50,1.6,7,126,150.9,147.2,OBS,165.0,173.3,161.4,172.7
2002-11-22,2311,10,47,37,33,37,47,40,30,37,307,39,22,18,22,39,27,15,22,26,1.2,6,122,149.1,145.5,OBS,164.2,173.0,160.6,172.3
2002-11-23,2311,11,40,43,30,27,27,33,27,20,247,27,32,15,12,12,18,12,7,17,0.9,4,119,147.5,143.8,OBS,163.5,172.7,159.8,171.9
2002-11-24,2311,12,30,33,27,30,23,37,30,30,240,15,18,12,15,9,22,15,15,15,0.9,4,103,146.2,142.5,OBS,162.9,172.4,159.2,171.5
2002-11-25,2311,13,27,27,30,33,33,37,20,33,240,12,12,15,18,18,22,7,18,15,0.9,4,86,136.8,133.2,OBS,162.5,172.0,158.7,171.0
2002-11-26,2311,14,30,23,10,13,20,17,23,50,187,15,9,4,5,7,6,9,48,13,0.7,3,76,142.3,138.5,OBS,162.1,171.5,158.3,170.4
2002-11-27,2311,15,50,50,43,27,33,20,27,27,277,48,48,32,12,18,7,12,12,24,1.1,5,105,142.6,138.8,OBS,161.9,171.0,158.0,169.9
2002-11-28,2311,16,27,30,30,17,27,30,33,20,213,12,15,15,6,12,15,18,7,12,0.7,3,108,139.7,136.0,OBS,161.8,170.4,157.8,169.2
2002-11-29,2311,17,27,23,30,20,27,33,33,33,227,12,9,15,7,12,18,18,18,14,0.8,4,94,141.3,137.5,OBS,161.7,169.6,157.7,168.3
2002-11-30,2311,18,33,37,37,30,30,27,23,30,247,18,22,22,15,15,12,9,15,16,0.9,4,94,146.2,142.1,OBS,161.7,168.7,157.7,167.3
2002-12-01,2311,19,37,33,30,33,33,37,23,37,263,22,18,15,18,18,22,9,22,18,1.0,5,121,149.6,145.5,OBS,161.7,167.8,157.7,166.4
2002-12-02,2311,20,27,27,27,27,20,33,30,30,220,12,12,12,12,7,18,15,15,13,0.7,3,110,146.1,142.0,OBS,162.0,167.0,157.8,165.5
2002-12-03,2311,21,27,30,20,27,30,20,27,17,197,12,15,7,12,15,7,12,6,11,0.6,3,107,145.9,141.8,OBS,162.1,166.3,157.9,164.6
2002-12-04,2311,22,17,20,27,20,23,37,37,27,207,6,7,12,7,9,22,22,12,12,0.7,3,134,148.7,144.5,OBS,162.2,165.6,158.0,163.8
2002-12-05,2311,23,30,27,23,20,20,20,17,17,173,15,12,9,7,7,7,6,6,9,0.5,2,137,148.7,144.4,OBS,162.1,165.1,157.9,163.3
2002-12-06,2311,24,17,23,17,23,10,30,23,30,173,6,9,6,9,4,15,9,15,9,0.5,2,137,148.2,143.9,OBS,162.0,164.7,157.7,162.8
2002-12-07,2311,25,37,30,30,37,33,30,33,33,263,22,15,15,22,18,15,18,18,18,1.0,5,132,151.1,146.6,OBS,161.9,164.1,157.5,162.2
2002-12-08,2311,26,20,40,20,13,27,33,27,23,203,7,27,7,5,12,18,12,9,12,0.7,3,164,154.4,149.8,OBS,161.7,163.9,157.3,161.8
2002-12-09,2311,27,30,7,7,10,13,17,10,13,107,15,3,3,4,5,6,4,5,6,0.3,1,179,156.3,151.6,OBS,161.4,163.7,157.0,161.6
2002-12-10,2312,1,23,10,10,10,3,10,13,20,100,9,4,4,4,2,4,5,7,5,0.2,1,157,161.4,156.5,OBS,160.9,163.7,156.5,161.5
2002-12-11,2312,2,3,13,17,17,13,10,10,7,90,2,5,6,6,5,4,4,3,4,0.2,1,124,152.3,147.7,OBS,160.5,163.6,156.1,161.4
2002-12-12,2312,3,13,13,7,10,13,13,13,13,97,5,5,3,4,5,5,5,5,5,0.2,1,109,153.1,148.4,OBS,160.2,163.5,155.7,161.2
2002-12-13,2312,4,17,13,3,7,10,13,13,17,93,6,5,2,3,4,5,5,6,4,0.2,1,126,166.9,161.8,OBS,159.7,163.7,155.2,161.3
2002-12-14,2312,5,20,20,20,23,23,40,37,33,217,7,7,7,9,9,27,22,18,13,0.8,4,208,185.9,180.1,OBS,159.3,164.0,154.8,161.5
2002-12-15,2312,6,33,20,13,17,23,13,20,17,157,18,7,5,6,9,5,7,6,8,0.4,2,199,203.0,196.6,OBS,158.7,164.7,154.2,162.1
2002-12-16,2312,7,17,13,17,17,13,10,7,17,110,6,5,6,6,5,4,3,6,5,0.2,1,216,202.9,196.5,OBS,158.1,165.3,153.5,162.6
2002-12-17,2312,8,20,10,3,0,3,3,7,7,53,7,4,2,0,2,2,3,3,3,0.1,0,234,212.5,205.8,OBS,157.3,166.1,152.8,163.3
2002-12-18,2312,9,7,7,7,3,13,7,3,7,53,3,3,3,2,5,3,2,3,3,0.1,0,224,196.9,190.6,OBS,156.5,166.7,151.9,163.8
2002-12-19,2312,10,27,37,43,43,43,40,47,20,300,12,22,32,32,32,27,39,7,25,1.2,6,224,192.9,186.7,OBS,155.7,167.3,151.2,164.4
2002-12-20,2312,11,33,40,20,23,33,33,43,47,273,18,27,7,9,18,18,32,39,21,1.1,5,208,196.6,190.3,OBS,154.9,168.0,150.3,165.0
2002-12-21,2312,12,50,57,27,17,20,30,17,23,240,48,67,12,6,7,15,6,9,21,1.1,5,187,183.9,177.9,OBS,154.0,168.6,149.5,165.5
2002-12-22,2312,13,23,13,10,20,33,23,33,27,183,9,5,4,7,18,9,18,12,10,0.6,3,174,172.0,166.4,OBS,153.2,169.0,148.7,165.9
2002-12-23,2312,14,33,30,40,43,40,30,40,40,297,18,15,27,32,27,15,27,27,24,1.1,5,126,158.9,153.7,OBS,152.6,169.2,148.0,166.0
2002-12-24,2312,15,37,10,27,30,47,43,37,30,260,22,4,12,15,39,32,22,15,20,1.0,5,95,147.3,142.5,OBS,151.9,169.1,147.3,165.8
2002-12-25,2312,16,30,27,27,20,33,23,33,17,210,15,12,12,7,18,9,18,6,12,0.7,3,59,131.9,127.6,OBS,151.2,168.8,146.7,165.4
2002-12-26,2312,17,17,17,17,30,33,33,30,47,223,6,6,6,15,18,18,15,39,15,0.9,4,54,127.4,123.2,OBS,150.5,168.4,145.9,165.0
2002-12-27,2312,18,47,60,47,43,43,43,37,33,353,39,80,39,32,32,32,22,18,37,1.4,6,49,116.5,112.7,OBS,149.7,167.8,145.2,164.3
2002-12-28,2312,19,33,37,43,40,30,33,27,23,267,18,22,32,27,15,18,12,9,19,1.0,5,45,116.9,113.1,OBS,149.3,167.2,144.8,163.7
2002-12-29,2312,20,30,20,23,27,23,37,30,27,217,15,7,9,12,9,22,15,12,13,0.7,3,52,114.8,111.0,OBS,148.9,166.5,144.4,163.0
2002-12-30,2312,21,33,17,27,20,27,23,30,23,200,18,6,12,7,12,9,15,9,11,0.6,3,49,113.8,110.1,OBS,148.6,165.8,144.0,162.2
2002-12-31,2312,22,33,23,17,20,17,7,3,13,133,18,9,6,7,6,3,2,5,7,0.4,2,55,115.1,111.3,OBS,148.3,165.0,143.8,161.4
2008-01-01,2380,13,17,17,7,10,7,7,7,10,80,6,6,3,4,3,3,3,4,4,0.1,0,9,79.4,76.7,OBS,75.2,72.6,72.9,70.9
2008-01-02,2380,14,3,0,3,3,3,7,10,3,33,2,0,2,2,2,3,4,2,2,0.0,0,9,79.6,77.0,OBS,75.2,72.7,72.9,71.0
2008-01-03,2380,15,0,7,3,3,3,0,3,7,27,0,3,2,2,2,0,2,3,2,0.0,0,9,79.3,76.7,OBS,75.3,72.9,73.0,71.1
2008-01-04,2380,16,0,0,0,7,7,10,3,17,43,0,0,0,3,3,4,2,6,2,0.0,0,12,79.0,76.4,OBS,75.2,73.0,73.0,71.3
2008-01-05,2380,17,20,30,37,37,37,30,37,40,267,7,15,22,22,22,15,22,27,19,1.0,5,10,79.7,77.1,OBS,75.2,73.2,73.0,71.4
2008-01-06,2380,18,27,37,30,23,30,37,37,33,253,12,22,15,9,15,22,22,18,17,0.9,4,14,79.2,76.6,OBS,75.2,73.3,72.9,71.5
2008-01-07,2380,19,40,37,23,30,30,13,13,27,213,27,22,9,15,15,5,5,12,14,0.8,4,14,77.7,75.2,OBS,75.2,73.4,72.9,71.6
2008-01-08,2380,20,23,30,27,30,23,37,33,30,233,9,15,12,15,9,22,18,15,14,0.8,4,11,75.5,73.0,OBS,75.2,73.5,72.9,71.7
2008-01-09,2380,21,33,23,23,17,10,10,10,17,143,18,9,9,6,4,4,4,6,8,0.4,2,0,76.5,74.0,OBS,75.2,73.7,72.9,71.8
2008-01-10,2380,22,20,7,10,10,13,10,7,10,87,7,3,4,4,5,4,3,4,4,0.1,0,10,75.7,73.2,OBS,75.2,73.8,72.9,71.9
2008-01-11,2380,23,17,7,7,10,0,3,10,3,57,6,3,3,4,0,2,4,2,3,0.1,0,10,76.0,73.5,OBS,75.2,73.9,72.9,71.9
2008-01-12,2380,24,3,0,10,13,20,40,30,20,137,2,0,4,5,7,27,15,7,8,0.5,2,0,75.7,73.2,OBS,75.2,74.0,72.9,72.0
2008-01-13,2380,25,27,23,17,10,30,30,33,20,190,12,9,6,4,15,15,18,7,11,0.6,3,0,75.3,72.9,OBS,75.2,74.1,72.9,72.1
2008-01-14,2380,26,33,30,27,43,30,33,40,33,270,18,15,12,32,15,18,27,18,19,1.0,5,0,75.6,73.1,OBS,75.2,74.2,72.9,72.2
2008-01-15,2380,27,30,27,23,20,30,23,13,20,187,15,12,9,7,15,9,5,7,10,0.6,3,0,73.7,71.3,OBS,75.1,74.3,72.9,72.2
2008-01-16,2381,1,27,27,33,27,23,30,27,30,223,12,12,18,12,9,15,12,15,13,0.8,4,0,72.9,70.6,OBS,75.0,74.3,72.8,72.3
2008-01-17,2381,2,30,20,17,20,30,20,27,37,200,15,7,6,7,15,7,12,22,11,0.7,3,0,73.7,71.3,OBS,74.9,74.4,72.7,72.4
2008-01-18,2381,3,33,30,30,17,23,30,27,20,210,18,15,15,6,9,15,12,7,12,0.7,3,0,71.1,68.8,OBS,74.7,74.5,72.5,72.4
2008-01-19,2381,4,17,20,23,30,30,37,17,17,190,6,7,9,15,15,22,6,6,11,0.6,3,0,70.8,68.6,OBS,74.4,74.5,72.3,72.4
2008-01-20,2381,5,7,30,20,13,17,7,17,20,130,3,15,7,5,6,3,6,7,6,0.3,1,0,70.2,68.0,OBS,74.2,74.6,72.1,72.4
2008-01-21,2381,6,7,13,13,13,17,17,23,17,120,3,5,5,5,6,6,9,6,6,0.3,1,0,71.6,69.3,OBS,73.9,74.6,71.8,72.5
2008-01-22,2381,7,7,13,3,0,3,7,7,3,43,3,5,2,0,2,3,3,2,2,0.0,0,0,70.3,68.1,OBS,73.6,74.6,71.5,72.5
2008-01-23,2381,8,0,3,10,10,10,13,20,23,90,0,2,4,4,4,5,7,9,4,0.2,1,0,70.6,68.4,OBS,73.3,74.7,71.2,72.5
2008-01-24,2381,9,13,7,10,7,20,17,23,17,113,5,3,4,3,7,6,9,6,5,0.2,1,0,71.3,69.1,OBS,73.0,74.7,70.9,72.6
2008-01-25,2381,10,27,37,27,20,7,13,30,20,180,12,22,12,7,3,5,15,7,10,0.6,3,0,71.0,68.9,OBS,72.8,74.8,70.7,72.6
2008-01-26,2381,11,30,23,17,17,13,17,7,17,140,15,9,6,6,5,6,3,6,7,0.4,2,0,72.5,70.3,OBS,72.6,74.8,70.6,72.6
2008-01-27,2381,12,13,7,0,3,3,13,20,17,77,5,3,0,2,2,5,7,6,4,0.1,0,0,72.0,69.8,OBS,72.5,74.9,70.5,72.7
2008-01-28,2381,13,10,17,3,10,7,3,13,20,83,4,6,2,4,3,2,5,7,4,0.1,0,0,71.3,69.2,OBS,72.4,74.9,70.4,72.7
2008-01-29,2381,14,13,27,17,17,7,0,0,0,80,5,12,6,6,3,0,0,0,4,0.1,0,0,71.6,69.5,OBS,72.4,74.9,70.4,72.7
2008-01-30,2381,15,10,17,0,3,0,0,0,0,30,4,6,0,2,0,0,0,0,2,0.0,0,10,72.7,70.6,OBS,72.3,74.9,70.4,72.7
2008-01-31,2381,16,0,0,0,7,7,23,30,27,93,0,0,0,3,3,9,15,12,5,0.2,1,10,72.0,69.9,OBS,72.3,75.0,70.4,72.7
2008-02-01,2381,17,33,23,33,27,17,33,43,43,253,18,9,18,12,6,18,32,32,18,1.0,5,15,71.1,69.0,OBS,72.3,75.0,70.4,72.7
2008-02-02,2381,18,43,47,30,20,33,23,33,30,260,32,39,15,7,18,9,18,15,19,1.0,5,12,71.8,69.8,OBS,72.3,75.0,70.4,72.8
2008-02-03,2381,19,30,30,33,33,23,33,37,33,253,15,15,18,18,9,18,22,18,17,0.9,4,12,71.6,69.6,INT,72.3,75.0,70.4,72.8
2008-02-04,2381,20,27,27,20,20,10,13,23,20,160,12,12,7,7,4,5,9,7,8,0.4,2,11,71.3,69.3,OBS,72.2,75.1,70.4,72.8
2008-02-05,2381,21,20,20,0,3,10,13,13,3,83,7,7,0,2,4,5,5,2,4,0.1,0,0,70.5,68.5,OBS,72.2,75.1,70.3,72.8
2008-02-06,2381,22,0,3,7,3,10,13,23,20,80,0,2,3,2,4,5,9,7,4,0.1,0,0,71.6,69.6,OBS,72.2,75.1,70.3,72.8
2008-02-07,2381,23,30,23,0,0,3,23,13,30,123,15,9,0,0,2,9,5,15,7,0.3,1,0,70.8,68.9,OBS,72.1,75.1,70.3,72.8
2008-02-08,2381,24,33,13,13,7,7,10,20,23,127,18,5,5,3,3,4,7,9,7,0.3,1,0,70.9,69.0,OBS,72.1,75.1,70.3,72.8
2008-02-09,2381,25,10,3,0,7,20,10,17,17,83,4,2,0,3,7,4,6,6,4,0.1,0,0,72.2,70.3,OBS,72.0,75.2,70.3,72.9
2008-02-10,2381,26,3,27,30,37,43,47,33,40,260,2,12,15,22,32,39,18,27,21,1.1,5,0,72.6,70.7,OBS,71.9,75.2,70.2,72.9
2008-02-11,2381,27,33,40,27,37,33,33,23,27,253,18,27,12,22,18,18,9,12,17,0.9,4,0,72.1,70.2,OBS,71.8,75.2,70.1,72.9
2008-02-12,2382,1,27,30,27,27,30,27,27,27,220,12,15,12,12,15,12,12,12,13,0.7,3,0,72.1,70.3,OBS,71.7,75.3,70.0,73.0
2008-02-13,2382,2,27,27,37,20,37,33,23,17,220,12,12,22,7,22,18,9,6,14,0.8,4,0,70.5,68.7,OBS,71.7,75.2,70.0,73.0
2008-02-14,2382,3,23,20,23,20,30,13,43,37,210,9,7,9,7,15,5,32,22,13,0.8,4,0,70.6,68.8,OBS,71.8,75.2,70.2,73.0
2008-02-15,2382,4,20,30,30,33,33,30,20,20,217,7,15,15,18,18,15,7,7,13,0.7,3,0,69.7,68.0,OBS,71.8,75.2,70.2,72.9
2008-02-16,2382,5,30,33,23,20,27,10,27,0,170,15,18,9,7,12,4,12,0,10,0.5,2,0,70.3,68.6,OBS,71.9,75.2,70.3,72.9
2008-02-17,2382,6,3,20,20,20,17,7,10,13,110,2,7,7,7,6,3,4,5,5,0.2,1,0,71.1,69.4,OBS,72.0,75.2,70.4,72.9
2008-02-18,2382,7,7,10,20,30,37,33,30,33,200,3,4,7,15,22,18,15,18,13,0.7,3,0,71.2,69.5,OBS,72.1,75.2,70.5,72.9
2008-02-19,2382,8,33,30,37,27,27,27,27,13,220,18,15,22,12,12,12,12,5,14,0.8,4,0,71.7,70.0,OBS,72.1,75.2,70.6,72.9
2008-02-20,2382,9,13,30,20,13,13,13,3,10,117,5,15,7,5,5,5,2,4,6,0.3,1,0,70.9,69.3,OBS,72.2,75.2,70.7,72.9
2008-02-21,2382,10,7,7,13,17,23,23,17,7,113,3,3,5,6,9,9,6,3,6,0.2,1,0,71.8,70.3,OBS,72.2,75.2,70.7,72.9
2008-02-22,2382,11,7,10,17,10,10,7,3,10,73,3,4,6,4,4,3,2,4,4,0.1,0,0,72.4,70.8,OBS,72.2,75.2,70.8,72.9
2008-02-23,2382,12,3,7,10,7,10,20,23,20,100,2,3,4,3,4,7,9,7,5,0.2,1,0,71.6,70.1,OBS,72.2,75.2,70.8,72.9
2008-02-24,2382,13,10,7,7,7,7,10,10,13,70,4,3,3,3,3,4,4,5,4,0.1,0,0,70.7,69.3,OBS,72.2,75.1,70.8,72.9
2008-02-25,2382,14,13,13,10,13,3,7,3,3,67,5,5,4,5,2,3,2,2,4,0.1,0,11,71.4,69.9,OBS,72.1,75.0,70.8,72.8
2008-02-26,2382,15,3,17,7,7,10,10,13,13,80,2,6,3,3,4,4,5,5,4,0.1,0,11,70.7,69.3,OBS,72.1,74.9,70.8,72.7
2008-02-27,2382,16,20,20,10,10,17,27,43,27,173,7,7,4,4,6,12,32,12,10,0.6,3,11,70.7,69.4,OBS,72.0,74.7,70.8,72.5
2008-02-28,2382,17,37,33,27,33,30,43,43,43,290,22,18,12,18,15,32,32,32,23,1.1,5,0,70.0,68.7,OBS,72.0,74.4,70.8,72.3
2008-02-29,2382,18,43,33,40,37,30,53,43,50,330,32,18,27,22,15,56,32,48,31,1.3,6,0,69.8,68.5,OBS,72.0,74.2,70.8,72.1
2008-03-01,2382,19,53,37,30,30,37,33,27,27,273,56,22,15,15,22,18,12,12,22,1.1,5,0,68.6,67.4,OBS,72.0,73.9,70.8,71.8
2008-03-02,2382,20,23,23,30,20,17,23,20,23,180,9,9,15,7,6,9,7,9,9,0.5,2,0,69.2,68.0,OBS,71.9,73.6,70.8,71.5
2008-03-03,2382,21,23,23,17,23,7,13,10,3,120,9,9,6,9,3,5,4,2,6,0.3,1,12,68.4,67.3,OBS,71.9,73.3,70.8,71.2
2008-03-04,2382,22,17,13,17,7,13,0,0,3,70,6,5,6,3,5,0,0,2,3,0.1,0,0,68.3,67.2,OBS,71.9,73.0,70.8,70.9
2008-03-05,2382,23,17,17,17,20,33,27,20,10,160,6,6,6,7,18,12,7,4,8,0.4,2,0,69.3,68.2,OBS,71.8,72.8,70.8,70.7
2008-03-06,2382,24,7,7,3,3,3,13,3,13,53,3,3,2,2,2,5,2,5,3,0.1,0,13,70.3,69.3,OBS,71.8,72.6,70.8,70.6
2008-03-07,2382,25,13,10,7,0,3,0,7,7,47,5,4,3,0,2,0,3,3,2,0.0,0,0,70.5,69.5,OBS,71.8,72.5,70.8,70.5
2008-03-08,2382,26,0,0,7,20,40,33,33,13,147,0,0,3,7,27,18,18,5,10,0.5,2,0,69.8,68.8,OBS,71.7,72.4,70.8,70.4
2008-03-09,2382,27,43,57,50,37,33,37,27,37,320,32,67,48,22,18,22,12,22,30,1.3,6,0,69.5,68.5,OBS,71.7,72.4,70.8,70.4
2008-03-10,2383,1,40,37,20,33,33,33,33,37,267,27,22,7,18,18,18,18,22,19,1.0,5,15,70.3,69.4,OBS,71.7,72.3,70.8,70.4
2008-03-11,2383,2,27,23,37,27,40,37,20,17,227,12,9,22,12,27,22,7,6,15,0.8,4,0,70.2,69.3,OBS,71.7,72.3,70.8,70.4
2008-03-12,2383,3,27,37,37,20,20,13,37,27,217,12,22,22,7,7,5,22,12,14,0.8,4,0,69.4,68.5,OBS,71.7,72.3,70.9,70.4
2008-03-13,2383,4,23,27,23,33,33,20,23,20,203,9,12,9,18,18,7,9,7,11,0.6,3,0,69.5,68.7,OBS,71.7,72.3,70.9,70.4
2008-03-14,2383,5,30,33,30,20,23,40,30,37,243,15,18,15,7,9,27,15,22,16,0.9,4,0,69.9,69.1,OBS,71.7,72.3,70.9,70.4
2008-03-15,2383,6,33,27,23,33,27,17,13,17,190,18,12,9,18,12,6,5,6,11,0.6,3,12,69.5,68.8,OBS,71.6,72.2,70.9,70.4
2008-03-16,2383,7,27,20,13,7,17,17,13,17,130,12,7,5,3,6,6,5,6,6,0.3,1,12,70.3,69.6,OBS,71.6,72.2,71.0,70.3
2008-03-17,2383,8,23,7,0,7,7,20,17,10,90,9,3,0,3,3,7,6,4,4,0.2,1,12,69.8,69.1,OBS,71.6,72.2,71.0,70.3
2008-03-18,2383,9,33,37,13,13,13,13,3,7,133,18,22,5,5,5,5,2,3,8,0.4,2,0,69.6,69.0,OBS,71.6,72.1,71.0,70.3
2008-03-19,2383,10,0,10,17,10,27,30,23,23,140,0,4,6,4,12,15,9,9,7,0.4,2,0,69.0,68.4,OBS,71.5,72.1,71.0,70.3
2008-03-20,2383,11,17,17,10,20,33,27,20,20,163,6,6,4,7,18,12,7,7,8,0.5,2,0,68.4,67.9,OBS,71.5,72.0,71.0,70.3
2008-03-21,2383,12,20,17,7,13,7,13,20,27,123,7,6,3,5,3,5,7,12,6,0.3,1,0,68.2,67.7,OBS,71.4,71.9,71.0,70.2
2008-03-22,2383,13,17,3,3,7,10,7,10,27,83,6,2,2,3,4,3,4,12,4,0.2,1,0,69.6,69.1,OBS,71.4,71.8,70.9,70.1
2008-03-23,2383,14,33,30,27,23,17,17,10,13,170,18,15,12,9,6,6,4,5,9,0.5,2,0,72.0,71.5,OBS,71.3,71.7,70.9,70.0
2008-03-24,2383,15,3,17,7,7,7,7,7,7,60,2,6,3,3,3,3,3,3,3,0.1,0,32,79.4,79.0,OBS,71.3,71.7,70.9,70.0
2008-03-25,2383,16,0,0,3,7,13,10,13,20,67,0,0,2,3,5,4,5,7,3,0.1,0,54,88.6,88.2,OBS,71.3,71.8,70.9,70.2
2008-03-26,2383,17,13,20,37,43,47,43,50,40,293,5,7,22,32,39,32,48,27,26,1.2,6,60,81.6,81.2,OBS,71.2,71.8,70.9,70.2
2008-03-27,2383,18,50,50,40,30,27,47,50,50,343,48,48,27,15,12,39,48,48,36,1.4,6,59,84.8,84.5,OBS,71.2,71.9,70.9,70.3
2008-03-28,2383,19,43,37,43,37,43,33,37,30,303,32,22,32,22,32,18,22,15,24,1.2,6,57,82.9,82.6,OBS,71.1,72.0,70.9,70.4
2008-03-29,2383,20,20,30,13,13,23,20,27,30,177,7,15,5,5,9,7,12,15,9,0.5,2,50,82.6,82.4,OBS,71.1,72.1,70.9,70.5
2008-03-30,2383,21,37,27,23,17,17,13,13,23,170,22,12,9,6,6,5,5,9,9,0.5,2,52,80.5,80.4,OBS,71.0,72.1,70.9,70.6
2008-03-31,2383,22,17,10,0,10,17,3,13,13,83,6,4,0,4,6,2,5,5,4,0.1,0,42,79.2,79.1,OBS,71.0,72.2,70.9,70.7
2008-04-01,2383,23,13,27,17,7,10,7,7,0,87,5,12,6,3,4,3,3,0,4,0.2,1,20,77.8,77.7,OBS,70.9,72.2,70.9,70.7
2008-04-02,2383,24,0,7,3,0,0,3,3,3,20,0,3,2,0,0,2,2,2,1,0.0,0,11,75.9,75.9,OBS,70.9,72.2,70.9,70.8
2008-04-03,2383,25,13,7,0,3,7,7,0,0,37,5,3,0,2,3,3,0,0,2,0.0,0,11,76.4,76.4,OBS,70.8,72.2,70.8,70.8
2008-04-04,2383,26,0,3,3,7,23,37,43,33,150,0,2,2,3,9,22,32,18,11,0.6,3,9,73.0,73.1,OBS,70.8,72.2,70.9,70.8
2008-04-05,2383,27,13,13,10,33,27,50,37,43,227,5,5,4,18,12,48,22,32,18,1.0,5,0,71.0,71.1,OBS,70.8,72.1,70.9,70.8
2008-04-06,2384,1,33,47,47,30,33,20,23,30,263,18,39,39,15,18,7,9,15,20,1.0,5,0,69.4,69.5,OBS,70.8,72.1,70.9,70.8
2008-04-07,2384,2,33,37,20,17,13,37,27,30,213,18,22,7,6,5,22,12,15,13,0.8,4,0,69.1,69.3,OBS,70.8,72.0,71.0,70.8
2008-04-08,2384,3,17,20,17,27,30,20,23,30,183,6,7,6,12,15,7,9,15,10,0.5,2,0,69.8,70.0,OBS,70.8,72.0,71.0,70.8
2008-04-09,2384,4,33,27,37,33,27,17,20,23,217,18,12,22,18,12,6,7,9,13,0.7,3,0,68.0,68.2,OBS,70.8,72.0,71.0,70.8
2008-04-10,2384,5,30,27,20,17,23,17,23,23,180,15,12,7,6,9,6,9,9,9,0.5,2,0,67.9,68.1,OBS,70.8,72.0,71.1,70.8
2008-04-11,2384,6,23,13,3,17,17,13,3,7,97,9,5,2,6,6,5,2,3,5,0.2,1,0,67.1,67.4,OBS,70.8,71.9,71.1,70.8
2008-04-12,2384,7,27,33,30,27,30,13,27,27,213,12,18,15,12,15,5,12,12,13,0.7,3,0,68.2,68.5,OBS,70.8,71.9,71.1,70.8
2008-04-13,2384,8,10,17,13,23,30,30,20,10,153,4,6,5,9,15,15,7,4,8,0.4,2,9,69.3,69.7,OBS,70.8,71.9,71.2,70.8
2008-04-14,2384,9,13,10,0,0,0,3,0,3,30,5,4,0,0,0,2,0,2,2,0.0,0,9,68.5,69.0,OBS,70.8,71.8,71.2,70.8
2008-04-15,2384,10,0,0,3,3,20,13,17,30,87,0,0,2,2,7,5,6,15,5,0.2,1,0,69.2,69.7,OBS,70.8,71.8,71.2,70.8
2008-04-16,2384,11,30,23,30,23,33,27,40,27,233,15,9,15,9,18,12,27,12,15,0.8,4,0,69.5,70.0,OBS,70.8,71.8,71.2,70.8
2008-04-17,2384,12,33,27,10,10,13,17,17,7,133,18,12,4,4,5,6,6,3,7,0.4,2,0,69.2,69.8,OBS,70.7,71.7,71.2,70.8
2008-04-18,2384,13,20,23,20,17,17,13,13,13,137,7,9,7,6,6,5,5,5,6,0.3,1,0,70.2,70.8,OBS,70.7,71.7,71.3,70.8
2008-04-19,2384,14,20,17,10,10,7,13,13,27,117,7,6,4,4,3,5,5,12,6,0.3,1,10,71.0,71.7,OBS,70.7,71.7,71.3,70.8
2008-04-20,2384,15,20,3,3,7,7,17,10,7,73,7,2,2,3,3,6,4,3,4,0.1,0,0,70.8,71.5,OBS,70.7,71.7,71.3,70.8
2008-04-21,2384,16,20,23,7,13,10,17,7,7,103,7,9,3,5,4,6,3,3,5,0.2,1,0,70.9,71.6,OBS,70.6,71.7,71.3,70.9
2008-04-22,2384,17,3,7,7,13,7,27,23,30,117,2,3,3,5,3,12,9,15,6,0.3,1,10,71.3,72.1,OBS,70.6,71.7,71.3,70.9
2008-04-23,2384,18,30,40,53,33,37,43,40,37,313,15,27,56,18,22,32,27,22,27,1.2,6,10,70.7,71.5,OBS,70.6,71.7,71.3,70.9
2008-04-24,2384,19,37,37,37,33,33,20,20,27,243,22,22,22,18,18,7,7,12,16,0.9,4,9,70.4,71.2,OBS,70.5,71.6,71.3,70.9
2008-04-25,2384,20,23,27,23,17,20,17,17,13,157,9,12,9,6,7,6,6,5,8,0.4,2,0,69.8,70.7,OBS,70.5,71.6,71.2,71.0
2008-04-26,2384,21,30,13,20,20,17,33,23,27,183,15,5,7,7,6,18,9,12,10,0.6,3,0,69.0,69.9,OBS,70.4,71.6,71.2,71.0
2008-04-27,2384,22,27,23,20,17,13,20,13,10,143,12,9,7,6,5,7,5,4,7,0.3,1,0,68.1,69.0,OBS,70.4,71.6,71.2,71.0
2008-04-28,2384,23,13,7,20,20,27,37,33,30,187,5,3,7,7,12,22,18,15,11,0.6,3,0,68.5,69.4,OBS,70.3,71.5,71.2,71.0
2008-04-29,2384,24,30,23,13,3,10,7,13,10,110,15,9,5,2,4,3,5,4,6,0.3,1,0,68.6,69.6,OBS,70.3,71.5,71.2,71.0
2008-04-30,2384,25,0,3,3,10,10,30,43,10,110,0,2,2,4,4,15,32,4,8,0.4,2,0,67.0,68.0,OBS,70.2,71.4,71.2,71.0
2008-05-01,2384,26,7,13,13,7,3,20,27,40,130,3,5,5,3,2,7,12,27,8,0.4,2,10,68.5,69.6,OBS,70.2,71.4,71.2,70.9
2008-05-02,2384,27,47,30,23,10,27,7,3,10,157,39,15,9,4,12,3,2,4,11,0.6,3,0,68.1,69.2,OBS,70.2,71.3,71.2,70.9
2008-05-03,2385,1,27,23,23,30,30,20,30,20,203,12,9,9,15,15,7,15,7,11,0.6,3,0,67.3,68.5,OBS,70.1,71.3,71.1,70.9
2008-05-04,2385,2,7,17,23,23,13,27,23,23,157,3,6,9,9,5,12,9,9,8,0.4,2,10,68.3,69.5,OBS,69.9,71.3,71.0,70.9
2008-05-05,2385,3,23,23,33,7,27,33,33,23,203,9,9,18,3,12,18,18,9,12,0.7,3,12,67.6,68.8,OBS,69.7,71.2,70.8,70.9
2008-05-06,2385,4,40,23,23,20,13,7,10,13,150,27,9,9,7,5,3,4,5,9,0.5,2,0,67.2,68.4,OBS,69.5,71.2,70.6,70.9
2008-05-07,2385,5,20,7,3,3,10,10,17,20,90,7,3,2,2,4,4,6,7,4,0.2,1,0,66.5,67.8,OBS,69.2,71.1,70.4,70.9
2008-05-08,2385,6,17,10,13,13,10,10,10,7,90,6,4,5,5,4,4,4,3,4,0.2,1,0,66.4,67.7,OBS,69.0,71.1,70.2,70.9
2008-05-09,2385,7,13,7,7,7,7,3,3,7,53,5,3,3,3,3,2,2,3,3,0.1,0,0,67.3,68.6,OBS,68.8,71.0,70.0,70.9
2008-05-10,2385,8,10,17,10,10,3,3,13,20,87,4,6,4,4,2,2,5,7,4,0.1,0,0,67.4,68.7,OBS,68.6,71.0,69.9,70.9
2008-05-11,2385,9,10,10,7,7,7,7,17,3,67,4,4,3,3,3,3,6,2,4,0.1,0,0,68.0,69.4,OBS,68.5,70.9,69.7,70.9
2008-05-12,2385,10,3,3,7,7,3,10,10,13,57,2,2,3,3,2,4,4,5,3,0.1,0,0,68.0,69.5,OBS,68.3,70.9,69.6,70.9
2008-05-13,2385,11,17,17,0,3,7,10,10,3,67,6,6,0,2,3,4,4,2,3,0.1,0,12,68.3,69.7,OBS,68.2,70.8,69.5,70.8
2008-05-14,2385,12,3,7,3,7,10,3,7,3,43,2,3,2,3,4,2,3,2,3,0.0,0,0,69.0,70.5,OBS,68.0,70.8,69.4,70.9
2008-05-15,2385,13,0,10,3,3,3,3,7,13,43,0,4,2,2,2,2,3,5,2,0.0,0,13,71.1,72.7,OBS,67.9,70.8,69.3,70.9
2008-05-16,2385,14,13,10,3,13,17,13,13,7,90,5,4,2,5,6,5,5,3,4,0.2,1,20,71.6,73.2,OBS,67.9,70.8,69.3,70.9
2008-05-17,2385,15,7,0,0,3,0,3,0,0,13,3,0,0,2,0,2,0,0,1,0.0,0,17,71.2,72.8,OBS,67.8,70.8,69.3,71.0
2008-05-18,2385,16,0,7,3,7,17,3,3,3,43,0,3,2,3,6,2,2,2,2,0.0,0,22,71.6,73.3,OBS,67.8,70.8,69.2,71.0
2008-05-19,2385,17,20,17,13,20,20,20,17,7,133,7,6,5,7,7,7,6,3,6,0.3,1,16,68.9,70.5,OBS,67.7,70.8,69.2,71.0
2008-05-20,2385,18,17,13,23,10,20,20,23,30,157,6,5,9,4,7,7,9,15,8,0.4,2,10,68.6,70.2,OBS,67.7,70.8,69.2,71.1
2008-05-21,2385,19,30,37,20,23,23,23,17,17,190,15,22,7,9,9,9,6,6,10,0.6,3,0,69.1,70.8,OBS,67.7,70.8,69.2,71.1
2008-05-22,2385,20,27,20,17,10,17,33,30,20,173,12,7,6,4,6,18,15,7,9,0.5,2,0,69.3,71.0,OBS,67.7,70.8,69.2,71.1
2008-05-23,2385,21,20,17,0,13,23,17,33,27,150,7,6,0,5,9,6,18,12,8,0.4,2,0,67.8,69.6,OBS,67.7,70.8,69.2,71.2
2008-05-24,2385,22,33,7,20,20,20,20,7,17,143,18,3,7,7,7,7,3,6,7,0.4,2,0,68.5,70.3,OBS,67.6,70.8,69.2,71.2
2008-05-25,2385,23,23,20,13,10,17,10,7,13,113,9,7,5,4,6,4,3,5,5,0.2,1,0,68.3,70.1,OBS,67.6,70.8,69.2,71.2
2008-05-26,2385,24,7,13,7,13,3,3,3,10,60,3,5,3,5,2,2,2,4,3,0.1,0,0,68.0,69.8,OBS,67.5,70.8,69.2,71.2
2008-05-27,2385,25,3,0,7,3,7,10,7,20,57,2,0,3,2,3,4,3,7,3,0.1,0,0,67.9,69.7,OBS,67.5,70.7,69.1,71.2
2008-05-28,2385,26,27,20,30,17,33,30,13,20,190,12,7,15,6,18,15,5,7,11,0.6,3,0,67.8,69.6,OBS,67.4,70.7,69.1,71.3
2008-05-29,2385,27,30,23,17,10,23,27,27,17,173,15,9,6,4,9,12,12,6,9,0.5,2,0,68.1,69.9,OBS,67.4,70.7,69.1,71.3
2008-05-30,2386,1,33,10,7,10,23,37,33,17,170,18,4,3,4,9,22,18,6,10,0.6,3,0,67.1,69.0,OBS,67.3,70.7,69.0,71.3
2008-05-31,2386,2,7,17,23,23,30,23,27,17,167,3,6,9,9,15,9,12,6,9,0.5,2,0,66.9,68.8,OBS,67.3,70.6,69.0,71.3
2008-06-01,2386,3,20,20,17,13,17,27,23,17,153,7,7,6,5,6,12,9,6,7,0.4,2,0,66.6,68.5,OBS,67.2,70.6,69.0,71.3
2008-06-02,2386,4,17,13,7,10,13,13,13,7,93,6,5,3,4,5,5,5,3,4,0.2,1,0,67.1,69.0,OBS,67.1,70.6,68.9,71.3
2008-06-03,2386,5,3,17,7,10,10,13,13,17,90,2,6,3,4,4,5,5,6,4,0.2,1,0,66.3,68.2,OBS,67.0,70.5,68.8,71.3
2008-06-04,2386,6,17,10,10,0,10,7,0,3,57,6,4,4,0,4,3,0,2,3,0.1,0,0,65.2,67.1,OBS,67.0,70.5,68.8,71.2
2008-06-05,2386,7,3,0,3,10,7,10,3,0,37,2,0,2,4,3,4,2,0,2,0.0,0,14,66.4,68.4,OBS,66.9,70.4,68.8,71.2
2008-06-06,2386,8,7,20,17,23,10,10,20,20,127,3,7,6,9,4,4,7,7,6,0.3,1,0,65.9,67.9,OBS,66.9,70.4,68.7,71.2
2008-06-07,2386,9,20,13,33,27,27,20,30,27,197,7,5,18,12,12,7,15,12,11,0.6,3,0,65.6,67.6,OBS,66.8,70.3,68.7,71.2
2008-06-08,2386,10,30,13,13,10,27,20,7,13,133,15,5,5,4,12,7,3,5,7,0.4,2,0,64.9,66.9,OBS,66.8,70.3,68.7,71.2
2008-06-09,2386,11,17,7,3,3,3,0,13,10,57,6,3,2,2,2,0,5,4,3,0.1,0,0,66.0,68.0,OBS,66.8,70.2,68.7,71.2
2008-06-10,2386,12,7,3,0,3,10,7,3,3,37,3,2,0,2,4,3,2,2,2,0.0,0,14,66.2,68.2,OBS,66.8,70.2,68.7,71.2
2008-06-11,2386,13,7,7,13,10,7,3,3,7,57,3,3,5,4,3,2,2,3,3,0.1,0,12,65.7,67.8,OBS,66.7,70.2,68.6,71.2
2008-06-12,2386,14,3,10,13,3,3,7,7,10,57,2,4,5,2,2,3,3,4,3,0.1,0,11,67.1,69.2,OBS,66.7,70.1,68.6,71.1
2008-06-13,2386,15,7,3,0,0,3,3,10,3,30,3,2,0,0,2,2,4,2,2,0.0,0,12,66.5,68.6,OBS,66.7,69.9,68.6,71.0
2008-06-14,2386,16,7,3,7,3,17,33,47,57,173,3,2,3,2,6,18,39,67,18,1.0,5,0,67.1,69.2,OBS,66.6,69.7,68.6,70.8
2008-06-15,2386,17,40,43,33,27,23,27,23,33,250,27,32,18,12,9,12,9,18,17,0.9,4,11,66.5,68.6,OBS,66.6,69.5,68.6,70.6
2008-06-16,2386,18,23,17,20,27,23,27,37,37,210,9,6,7,12,9,12,22,22,12,0.7,3,11,65.3,67.4,OBS,66.6,69.2,68.6,70.4
2008-06-17,2386,19,30,23,23,23,20,23,20,20,183,15,9,9,9,7,9,7,7,9,0.5,2,11,65.9,68.1,OBS,66.6,69.0,68.6,70.2
2008-06-18,2386,20,33,33,23,17,20,10,7,7,150,18,18,9,6,7,4,3,3,8,0.5,2,12,65.4,67.5,OBS,66.6,68.8,68.6,70.0
2008-06-19,2386,21,10,7,7,17,17,20,27,17,120,4,3,3,6,6,7,12,6,6,0.3,1,11,64.9,67.0,OBS,66.6,68.6,68.6,69.9
2008-06-20,2386,22,23,30,30,17,13,13,20,20,167,9,15,15,6,5,5,7,7,9,0.5,2,12,65.2,67.3,OBS,66.6,68.5,68.6,69.7
2008-06-21,2386,23,10,7,7,10,7,10,13,13,77,4,3,3,4,3,4,5,5,4,0.1,0,12,64.8,67.0,OBS,66.5,68.3,68.6,69.6
2008-06-22,2386,24,13,3,3,10,7,3,3,7,50,5,2,2,4,3,2,2,3,3,0.1,0,12,65.4,67.5,OBS,66.5,68.2,68.5,69.5
2008-06-23,2386,25,17,17,7,10,10,7,7,3,77,6,6,3,4,4,3,3,2,4,0.1,0,0,65.3,67.5,OBS,66.5,68.0,68.5,69.4
2008-06-24,2386,26,7,7,7,7,7,10,20,30,93,3,3,3,3,3,4,7,15,5,0.2,1,0,65.8,68.0,OBS,66.5,67.9,68.5,69.3
2008-06-25,2386,27,27,23,23,10,10,23,33,30,180,12,9,9,4,4,9,18,15,10,0.6,3,0,65.9,68.1,OBS,66.4,67.9,68.4,69.3
2008-06-26,2387,1,40,33,23,37,27,20,20,17,217,27,18,9,22,12,7,7,6,14,0.8,4,0,65.4,67.5,OBS,66.3,67.8,68.4,69.3
2008-06-27,2387,2,33,20,17,23,20,23,13,10,160,18,7,6,9,7,9,5,4,8,0.4,2,0,66.1,68.3,OBS,66.3,67.8,68.3,69.2
2008-06-28,2387,3,10,13,7,13,13,13,20,13,103,4,5,3,5,5,5,7,5,5,0.2,1,0,65.9,68.1,OBS,66.2,67.7,68.3,69.2
2008-06-29,2387,4,20,20,10,20,13,17,20,30,150,7,7,4,7,5,6,7,15,7,0.4,2,0,66.6,68.8,OBS,66.2,67.7,68.2,69.2
2008-06-30,2387,5,10,13,10,7,13,13,13,3,83,4,5,4,3,5,5,5,2,4,0.1,0,0,66.7,68.9,OBS,66.1,67.7,68.2,69.2
2008-07-01,2387,6,20,13,17,7,20,7,0,3,87,7,5,6,3,7,3,0,2,4,0.1,0,0,65.6,67.8,OBS,66.1,67.7,68.1,69.2
2008-07-02,2387,7,13,7,3,7,3,3,3,0,40,5,3,2,3,2,2,2,0,2,0.0,0,0,65.9,68.2,OBS,66.0,67.7,68.1,69.2
2008-07-03,2387,8,3,3,0,3,10,13,3,7,43,2,2,0,2,4,5,2,3,2,0.0,0,0,65.5,67.7,OBS,66.0,67.6,68.1,69.2
2008-07-04,2387,9,3,7,3,3,13,17,7,7,60,2,3,2,2,5,6,3,3,3,0.1,0,0,65.4,67.6,OBS,66.0,67.6,68.0,69.2
2008-07-05,2387,10,13,13,7,20,27,23,20,23,147,5,5,3,7,12,9,7,9,7,0.4,2,0,65.1,67.3,OBS,65.9,67.5,68.0,69.2
2008-07-06,2387,11,13,10,13,3,10,3,7,0,60,5,4,5,2,4,2,3,0,3,0.1,0,0,66.1,68.3,OBS,65.9,67.5,68.0,69.1
2008-07-07,2387,12,7,7,7,3,3,0,0,10,37,3,3,3,2,2,0,0,4,2,0.0,0,0,65.5,67.7,OBS,65.9,67.4,67.9,69.1
2008-07-08,2387,13,3,0,3,3,3,3,3,10,30,2,0,2,2,2,2,2,4,2,0.0,0,0,65.5,67.8,OBS,65.9,67.4,67.9,69.1
2008-07-09,2387,14,3,7,3,7,3,7,7,7,43,2,3,2,3,2,3,3,3,3,0.0,0,0,66.0,68.3,OBS,65.9,67.3,67.9,69.0
2008-07-10,2387,15,3,0,0,10,13,10,10,13,60,2,0,0,4,5,4,4,5,3,0.1,0,0,65.4,67.6,OBS,65.9,67.3,67.9,69.0
2008-07-11,2387,16,10,7,13,17,23,10,13,30,123,4,3,5,6,9,4,5,15,6,0.3,1,0,65.7,67.9,OBS,65.8,67.2,67.9,69.0
2008-07-12,2387,17,30,43,40,33,33,20,23,17,240,15,32,27,18,18,7,9,6,16,0.9,4,0,64.9,67.1,OBS,65.8,67.1,67.9,68.9
2008-07-13,2387,18,17,20,27,27,23,30,30,27,200,6,7,12,12,9,15,15,12,11,0.6,3,0,65.2,67.4,OBS,65.9,67.0,67.9,68.8
2008-07-14,2387,19,20,20,27,27,23,30,17,23,187,7,7,12,12,9,15,6,9,10,0.5,2,0,65.6,67.8,OBS,65.9,67.0,67.9,68.8
2008-07-15,2387,20,27,17,17,17,13,13,17,20,140,12,6,6,6,5,5,6,7,7,0.3,1,0,65.7,67.9,OBS,65.9,66.9,67.9,68.8
2008-07-16,2387,21,13,17,10,10,10,13,7,17,97,5,6,4,4,4,5,3,6,5,0.2,1,0,64.6,66.7,OBS,65.9,66.9,67.9,68.7
2008-07-17,2387,22,23,10,7,7,7,7,10,0,70,9,4,3,3,3,3,4,0,4,0.1,0,0,65.0,67.1,OBS,65.9,66.8,67.9,68.7
2008-07-18,2387,23,3,10,13,7,13,7,3,3,60,2,4,5,3,5,3,2,2,3,0.1,0,6,65.3,67.4,OBS,65.9,66.8,67.9,68.7
2008-07-19,2387,24,0,0,0,3,7,3,3,7,23,0,0,0,2,3,2,2,3,2,0.0,0,7,66.4,68.5,OBS,65.9,66.8,67.9,68.7
2008-07-20,2387,25,13,3,0,3,3,3,13,7,47,5,2,0,2,2,2,5,3,3,0.0,0,6,65.9,68.0,OBS,65.9,66.8,67.9,68.7
2008-07-21,2387,26,10,13,13,13,13,13,13,17,107,4,5,5,5,5,5,5,6,5,0.2,1,0,66.2,68.4,OBS,66.0,66.7,67.9,68.6
2008-07-22,2387,27,7,10,13,20,33,30,27,37,177,3,4,5,7,18,15,12,22,11,0.6,3,0,65.8,68.0,OBS,66.0,66.7,67.9,68.6
2008-07-23,2388,1,30,37,30,20,40,30,30,30,247,15,22,15,7,27,15,15,15,16,0.9,4,0,65.5,67.6,OBS,66.0,66.7,67.9,68.6
2008-07-24,2388,2,37,27,27,20,20,13,17,20,180,22,12,12,7,7,5,6,7,10,0.5,2,0,65.4,67.5,OBS,65.9,66.6,67.9,68.6
2008-07-25,2388,3,3,10,3,13,3,0,0,7,40,2,4,2,5,2,0,0,3,2,0.0,0,0,65.8,67.9,OBS,65.9,66.6,67.9,68.6
2008-07-26,2388,4,17,10,7,10,10,10,17,7,87,6,4,3,4,4,4,6,3,4,0.1,0,0,66.1,68.1,OBS,65.9,66.6,67.8,68.6
2008-07-27,2388,5,0,0,3,17,10,10,20,37,97,0,0,2,6,4,4,7,22,6,0.3,1,0,66.3,68.4,OBS,65.9,66.6,67.8,68.6
2008-07-28,2388,6,20,20,20,13,10,10,3,3,100,7,7,7,5,4,4,2,2,5,0.2,1,0,66.3,68.3,OBS,65.9,66.6,67.8,68.6
2008-07-29,2388,7,0,3,7,7,7,10,13,10,57,0,2,3,3,3,4,5,4,3,0.1,0,0,66.0,68.1,OBS,65.9,66.6,67.8,68.6
2008-07-30,2388,8,10,20,7,10,3,3,10,10,73,4,7,3,4,2,2,4,4,4,0.1,0,0,66.5,68.5,OBS,66.0,66.6,67.8,68.6
2008-07-31,2388,9,0,3,7,10,7,10,7,7,50,0,2,3,4,3,4,3,3,3,0.0,0,0,65.5,67.5,OBS,66.0,66.5,67.8,68.6
2008-08-01,2388,10,7,7,3,3,10,10,17,13,70,3,3,2,2,4,4,6,5,4,0.1,0,0,66.1,68.1,OBS,66.0,66.5,67.8,68.5
2008-08-02,2388,11,0,3,3,3,7,0,7,7,30,0,2,2,2,3,0,3,3,2,0.0,0,0,66.2,68.2,OBS,66.0,66.5,67.9,68.5
2008-08-03,2388,12,3,7,3,7,7,10,13,20,70,2,3,2,3,3,4,5,7,4,0.1,0,0,65.5,67.4,OBS,66.1,66.5,67.8,68.5
2008-08-04,2388,13,13,3,3,7,10,3,7,7,53,5,2,2,3,4,2,3,3,3,0.1,0,0,66.2,68.2,OBS,66.1,66.4,67.8,68.4
2008-08-05,2388,14,3,3,7,10,7,3,3,0,37,2,2,3,4,3,2,2,0,2,0.0,0,0,66.5,68.4,OBS,66.1,66.3,67.8,68.4
2008-08-06,2388,15,7,7,7,13,13,13,13,13,87,3,3,3,5,5,5,5,5,4,0.1,0,0,67.0,68.9,OBS,66.1,66.3,67.8,68.3
2008-08-07,2388,16,10,10,3,3,7,10,13,20,77,4,4,2,2,3,4,5,7,4,0.1,0,0,66.1,68.0,OBS,66.1,66.2,67.9,68.3
2008-08-08,2388,17,0,3,3,0,3,13,7,20,50,0,2,2,0,2,5,3,7,3,0.0,0,0,65.5,67.3,OBS,66.2,66.2,67.9,68.2
2008-08-09,2388,18,23,33,23,20,23,37,47,53,260,9,18,9,7,9,22,39,56,21,1.1,5,0,65.5,67.3,OBS,66.2,66.1,67.8,68.2
2008-08-10,2388,19,37,37,33,13,13,30,17,17,197,22,22,18,5,5,15,6,6,12,0.7,3,0,65.6,67.4,OBS,66.2,66.1,67.8,68.1
2008-08-11,2388,20,27,13,10,13,20,13,7,13,117,12,5,4,5,7,5,3,5,6,0.3,1,0,65.7,67.5,OBS,66.2,66.0,67.8,68.1
2008-08-12,2388,21,20,20,20,13,17,20,10,13,133,7,7,7,5,6,7,4,5,6,0.3,1,0,65.2,66.9,OBS,66.2,66.0,67.8,68.1
2008-08-13,2388,22,23,10,3,10,10,7,7,7,77,9,4,2,4,4,3,3,3,4,0.1,0,0,65.3,67.0,OBS,66.3,66.0,67.9,68.0
2008-08-14,2388,23,23,30,7,7,10,7,7,3,93,9,15,3,3,4,3,3,2,5,0.2,1,0,65.9,67.6,OBS,66.3,65.9,67.9,68.0
2008-08-15,2388,24,20,13,3,3,0,3,3,0,47,7,5,2,2,0,2,2,0,2,0.0,0,0,65.3,67.0,OBS,66.4,65.9,67.9,68.0
2008-08-16,2388,25,0,7,10,7,3,7,10,27,70,0,3,4,3,2,3,4,12,4,0.1,0,0,66.2,67.8,OBS,66.4,65.9,67.9,67.9
2008-08-17,2388,26,33,17,7,17,20,13,7,17,130,18,6,3,6,7,5,3,6,7,0.3,1,0,66.5,68.2,OBS,66.4,65.9,67.9,67.9
2008-08-18,2388,27,23,33,27,33,47,37,33,30,263,9,18,12,18,39,22,18,15,19,1.0,5,0,66.2,67.8,OBS,66.4,65.9,67.9,67.9
2008-08-19,2389,1,27,23,23,20,23,27,20,13,177,12,9,9,7,9,12,7,5,9,0.5,2,0,67.3,68.9,OBS,66.5,65.9,67.9,67.9
2008-08-20,2389,2,20,17,10,10,10,7,3,3,80,7,6,4,4,4,3,2,2,4,0.1,0,0,65.9,67.4,OBS,66.5,65.8,67.9,67.9
2008-08-21,2389,3,0,0,7,13,10,3,10,10,53,0,0,3,5,4,2,4,4,3,0.0,0,5,67.1,68.7,OBS,66.5,65.8,67.9,67.9
2008-08-22,2389,4,7,7,13,10,7,0,3,7,53,3,3,5,4,3,0,2,3,3,0.1,0,5,67.6,69.1,OBS,66.5,65.9,67.9,67.9
2008-08-23,2389,5,10,7,0,0,13,7,3,10,50,4,3,0,0,5,3,2,4,3,0.0,0,0,67.9,69.4,OBS,66.5,65.9,67.9,67.9
2008-08-24,2389,6,0,0,3,3,7,3,3,10,30,0,0,2,2,3,2,2,4,2,0.0,0,0,67.1,68.6,OBS,66.5,65.9,67.8,67.9
2008-08-25,2389,7,0,0,3,0,3,0,0,3,10,0,0,2,0,2,0,0,2,1,0.0,0,0,66.6,68.0,OBS,66.5,65.9,67.8,67.9
2008-08-26,2389,8,3,0,0,0,7,10,3,3,27,2,0,0,0,3,4,2,2,2,0.0,0,0,66.9,68.3,OBS,66.6,65.9,67.8,67.9
2008-08-27,2389,9,17,17,7,3,7,3,3,3,60,6,6,3,2,3,2,2,2,3,0.1,0,0,66.6,68.0,OBS,66.6,65.9,67.8,67.9
2008-08-28,2389,10,3,10,0,3,7,10,10,10,53,2,4,0,2,3,4,4,4,3,0.1,0,0,66.1,67.4,OBS,66.6,65.9,67.8,67.9
2008-08-29,2389,11,7,7,7,3,3,10,7,7,50,3,3,3,2,2,4,3,3,3,0.1,0,0,66.8,68.1,OBS,66.6,65.9,67.8,67.9
2008-08-30,2389,12,3,3,3,10,7,3,3,0,33,2,2,2,4,3,2,2,0,2,0.0,0,0,67.1,68.4,OBS,66.7,66.0,67.8,67.9
2008-08-31,2389,13,3,3,7,10,17,13,13,10,77,2,2,3,4,6,5,5,4,4,0.1,0,0,66.7,67.9,OBS,66.7,66.0,67.8,67.9
2008-09-01,2389,14,13,10,0,3,7,3,10,7,53,5,4,0,2,3,2,4,3,3,0.1,0,0,65.8,67.0,OBS,66.8,66.0,67.9,67.9
2008-09-02,2389,15,7,3,7,10,10,3,3,10,53,3,2,3,4,4,2,2,4,3,0.1,0,0,66.0,67.2,OBS,66.8,65.9,67.9,67.9
2008-09-03,2389,16,3,13,20,23,13,27,23,30,153,2,5,7,9,5,12,9,15,8,0.4,2,0,66.2,67.3,OBS,66.9,65.9,67.9,67.9
2008-09-04,2389,17,57,60,37,33,37,33,23,23,303,67,80,22,18,22,18,9,9,31,1.3,6,0,65.9,67.0,OBS,66.9,65.9,67.9,67.8
2008-09-05,2389,18,23,27,10,13,20,10,13,20,137,9,12,4,5,7,4,5,7,7,0.3,1,0,65.2,66.3,OBS,67.0,65.9,68.0,67.8
2008-09-06,2389,19,30,17,10,17,30,17,20,20,160,15,6,4,6,15,6,7,7,8,0.4,2,0,65.8,66.8,OBS,67.1,65.9,68.0,67.8
2008-09-07,2389,20,30,23,7,10,27,17,33,10,157,15,9,3,4,12,6,18,4,9,0.5,2,0,66.6,67.6,OBS,67.1,65.9,68.0,67.8
2008-09-08,2389,21,10,27,27,20,20,23,30,20,177,4,12,12,7,7,9,15,7,9,0.5,2,0,67.1,68.0,OBS,67.1,66.0,68.0,67.8
2008-09-09,2389,22,17,27,17,10,10,7,10,27,123,6,12,6,4,4,3,4,12,6,0.3,1,0,67.1,68.0,OBS,67.2,66.0,68.0,67.8
2008-09-10,2389,23,17,13,10,10,7,13,17,10,97,6,5,4,4,3,5,6,4,5,0.2,1,0,67.2,68.1,OBS,67.2,66.0,68.1,67.8
2008-09-11,2389,24,0,7,0,3,3,3,3,17,37,0,3,0,2,2,2,2,6,2,0.0,0,7,66.9,67.8,OBS,67.3,66.0,68.1,67.9
2008-09-12,2389,25,7,0,0,0,0,0,3,0,10,3,0,0,0,0,0,2,0,1,0.0,0,0,66.3,67.1,OBS,67.3,66.1,68.0,67.8
2008-09-13,2389,26,0,0,0,3,0,0,0,3,7,0,0,0,2,0,0,0,2,0,0.0,0,0,66.4,67.2,OBS,67.3,66.1,68.0,67.8
2008-09-14,2389,27,0,0,10,7,7,7,33,33,97,0,0,4,3,3,3,18,18,6,0.3,1,0,66.8,67.6,OBS,67.3,66.1,68.0,67.8
2008-09-15,2390,1,27,23,40,37,37,33,30,23,250,12,9,27,22,22,18,15,9,17,0.9,4,0,67.5,68.2,OBS,67.3,66.1,68.0,67.8
2008-09-16,2390,2,10,30,27,20,13,30,20,10,160,4,15,12,7,5,15,7,4,9,0.5,2,0,69.4,70.1,OBS,67.3,66.1,68.0,67.9
2008-09-17,2390,3,23,23,0,3,3,3,0,7,63,9,9,0,2,2,2,0,3,3,0.1,0,0,67.1,67.7,OBS,67.3,66.2,67.9,67.9
2008-09-18,2390,4,20,27,20,23,20,10,7,7,133,7,12,7,9,7,4,3,3,6,0.3,1,0,67.2,67.8,OBS,67.4,66.2,67.9,67.8
2008-09-19,2390,5,0,13,10,13,13,10,17,7,83,0,5,4,5,5,4,6,3,4,0.1,0,0,67.9,68.4,OBS,67.4,66.2,67.9,67.8
2008-09-20,2390,6,20,17,7,3,7,10,3,3,70,7,6,3,2,3,4,2,2,4,0.1,0,0,67.8,68.4,OBS,67.4,66.2,67.9,67.8
2008-09-21,2390,7,0,0,0,0,3,7,3,17,30,0,0,0,0,2,3,2,6,2,0.0,0,0,67.9,68.4,OBS,67.4,66.2,67.9,67.8
2008-09-22,2390,8,30,27,0,0,0,3,0,3,63,15,12,0,0,0,2,0,2,4,0.1,0,9,69.1,69.6,OBS,67.4,66.3,67.9,67.9
2008-09-23,2390,9,13,0,10,7,7,3,3,3,47,5,0,4,3,3,2,2,2,3,0.0,0,10,69.4,69.8,OBS,67.5,66.3,67.9,67.9
2008-09-24,2390,10,3,7,3,13,10,3,0,0,40,2,3,2,5,4,2,0,0,2,0.0,0,0,68.4,68.8,OBS,67.5,66.4,67.9,67.9
2008-09-25,2390,11,3,0,0,3,3,7,20,23,60,2,0,0,2,2,3,7,9,3,0.1,0,0,68.2,68.6,OBS,67.6,66.4,67.9,67.9
2008-09-26,2390,12,17,10,3,3,7,3,0,0,43,6,4,2,2,3,2,0,0,2,0.0,0,0,67.7,68.0,OBS,67.6,66.4,67.9,67.9
2008-09-27,2390,13,0,0,0,3,3,13,20,13,53,0,0,0,2,2,5,7,5,3,0.0,0,0,67.3,67.6,OBS,67.6,66.4,67.9,67.9
2008-09-28,2390,14,0,3,7,10,17,3,0,0,40,0,2,3,4,6,2,0,0,2,0.0,0,0,67.0,67.3,OBS,67.6,66.5,67.8,67.9
2008-09-29,2390,15,0,7,10,10,7,0,0,7,40,0,3,4,4,3,0,0,3,2,0.0,0,9,66.8,67.0,OBS,67.6,66.5,67.8,67.9
2008-09-30,2390,16,0,3,3,0,13,17,20,27,83,0,2,2,0,5,6,7,12,4,0.1,0,0,66.2,66.4,OBS,67.7,66.5,67.8,67.9
2008-10-01,2390,17,20,13,23,17,20,27,23,23,167,7,5,9,6,7,12,9,9,8,0.4,2,0,65.8,65.9,OBS,67.7,66.5,67.8,67.9
2008-10-02,2390,18,23,27,23,37,40,27,30,23,230,9,12,9,22,27,12,15,9,14,0.8,4,0,66.3,66.4,OBS,67.7,66.5,67.8,67.9
2008-10-03,2390,19,30,30,33,23,37,27,23,30,233,15,15,18,9,22,12,9,15,14,0.8,4,0,67.2,67.2,OBS,67.8,66.5,67.8,67.8
2008-10-04,2390,20,27,40,20,27,20,13,7,20,173,12,27,7,12,7,5,3,7,10,0.6,3,10,66.6,66.6,OBS,67.8,66.5,67.8,67.8
2008-10-05,2390,21,13,23,13,7,7,3,3,13,83,5,9,5,3,3,2,2,5,4,0.1,0,0,67.4,67.4,OBS,67.8,66.6,67.8,67.8
2008-10-06,2390,22,10,27,7,7,0,3,3,7,63,4,12,3,3,0,2,2,3,4,0.1,0,0,67.2,67.2,OBS,67.8,66.6,67.8,67.8
2008-10-07,2390,23,3,0,0,0,7,7,10,3,30,2,0,0,0,3,3,4,2,2,0.0,0,0,66.7,66.6,OBS,67.9,66.6,67.7,67.8
2008-10-08,2390,24,13,7,0,0,0,0,0,7,27,5,3,0,0,0,0,0,3,1,0.0,0,0,67.7,67.5,OBS,67.9,66.6,67.7,67.8
2008-10-09,2390,25,0,0,3,0,3,0,0,0,7,0,0,2,0,2,0,0,0,0,0.0,0,0,68.7,68.5,OBS,67.9,66.7,67.7,67.8
2008-10-10,2390,26,0,3,3,10,7,7,0,17,47,0,2,2,4,3,3,0,6,2,0.0,0,10,68.9,68.7,OBS,67.9,66.7,67.7,67.8
2008-10-11,2390,27,13,23,40,33,53,63,50,27,303,5,9,27,18,56,94,48,12,34,1.3,6,13,70.8,70.5,OBS,68.0,66.8,67.7,67.9
2008-10-12,2391,1,37,30,27,23,20,30,13,33,213,22,15,12,9,7,15,5,18,13,0.7,3,16,70.1,69.7,OBS,68.0,66.8,67.7,67.9
2008-10-13,2391,2,30,27,23,17,7,10,20,17,150,15,12,9,6,3,4,7,6,8,0.4,2,13,70.9,70.5,OBS,68.1,66.9,67.7,67.9
2008-10-14,2391,3,3,3,10,13,7,7,10,3,57,2,2,4,5,3,3,4,2,3,0.1,0,13,70.4,70.0,OBS,68.1,66.9,67.7,67.9
2008-10-15,2391,4,30,30,27,17,10,7,10,17,147,15,15,12,6,4,3,4,6,8,0.4,2,12,70.9,70.5,OBS,68.1,67.0,67.7,68.0
2008-10-16,2391,5,17,10,10,13,3,3,7,7,70,6,4,4,5,2,2,3,3,4,0.1,0,17,71.9,71.4,OBS,68.1,67.1,67.7,68.0
2008-10-17,2391,6,0,3,0,3,10,7,3,0,27,0,2,0,2,4,3,2,0,2,0.0,0,12,70.0,69.5,OBS,68.2,67.1,67.7,68.0
2008-10-18,2391,7,0,0,0,0,0,3,7,0,10,0,0,0,0,0,2,3,0,1,0.0,0,0,69.2,68.6,OBS,68.2,67.1,67.7,68.0
2008-10-19,2391,8,17,13,7,17,20,23,30,27,153,6,5,3,6,7,9,15,12,8,0.4,2,0,69.6,69.0,OBS,68.2,67.2,67.7,68.0
2008-10-20,2391,9,17,3,3,0,7,10,10,13,63,6,2,2,0,3,4,4,5,3,0.1,0,0,69.2,68.6,OBS,68.2,67.2,67.6,68.1
2008-10-21,2391,10,17,20,3,7,7,3,7,7,70,6,7,2,3,3,2,3,3,4,0.1,0,0,68.8,68.2,OBS,68.2,67.3,67.6,68.1
2008-10-22,2391,11,0,0,0,3,10,27,27,23,90,0,0,0,2,4,12,12,9,5,0.2,1,0,67.7,67.0,OBS,68.2,67.3,67.6,68.0
2008-10-23,2391,12,13,17,13,7,3,3,3,3,63,5,6,5,3,2,2,2,2,3,0.1,0,0,67.2,66.5,OBS,68.3,67.3,67.6,68.0
2008-10-24,2391,13,0,10,7,0,0,0,0,0,17,0,4,3,0,0,0,0,0,1,0.0,0,0,67.5,66.7,OBS,68.3,67.3,67.6,68.0
2008-10-25,2391,14,0,0,0,0,7,7,3,3,20,0,0,0,0,3,3,2,2,1,0.0,0,0,67.5,66.7,OBS,68.3,67.3,67.6,68.0
2008-10-26,2391,15,7,27,17,7,13,13,0,10,93,3,12,6,3,5,5,0,4,5,0.2,1,0,66.9,66.0,OBS,68.4,67.3,67.6,68.0
2008-10-27,2391,16,10,0,7,0,0,0,0,0,17,4,0,3,0,0,0,0,0,1,0.0,0,0,67.0,66.1,OBS,68.3,67.3,67.5,67.9
2008-10-28,2391,17,0,7,17,13,7,17,20,13,93,0,3,6,5,3,6,7,5,4,0.2,1,0,67.1,66.2,OBS,68.4,67.4,67.5,67.9
2008-10-29,2391,18,23,37,43,17,23,37,33,33,247,9,22,32,6,9,22,18,18,17,0.9,4,0,66.7,65.8,OBS,68.4,67.4,67.5,67.9
2008-10-30,2391,19,30,23,23,30,27,37,30,23,223,15,9,9,15,12,22,15,9,13,0.8,4,0,66.8,65.9,OBS,68.4,67.4,67.5,67.9
2008-10-31,2391,20,17,27,20,13,3,10,17,20,127,6,12,7,5,2,4,6,7,6,0.3,1,13,68.1,67.1,OBS,68.4,67.4,67.5,67.9
2008-11-01,2391,21,17,3,7,3,0,3,10,7,50,6,2,3,2,0,2,4,3,3,0.0,0,15,66.7,65.6,OBS,68.5,67.4,67.5,67.9
2008-11-02,2391,22,0,0,3,10,17,3,10,17,60,0,0,2,4,6,2,4,6,3,0.1,0,18,69.1,68.0,OBS,68.5,67.5,67.5,67.9
2008-11-03,2391,23,0,0,3,0,0,0,3,7,13,0,0,2,0,0,0,2,3,1,0.0,0,18,69.5,68.3,OBS,68.5,67.5,67.4,67.9
2008-11-04,2391,24,10,0,0,0,0,0,3,3,17,4,0,0,0,0,0,2,2,1,0.0,0,16,68.0,66.8,OBS,68.5,67.6,67.4,67.9
2008-11-05,2391,25,3,3,3,3,3,3,3,3,27,2,2,2,2,2,2,2,2,2,0.0,0,13,67.7,66.5,OBS,68.5,67.6,67.4,67.9
2008-11-06,2391,26,0,0,0,0,0,0,10,3,13,0,0,0,0,0,0,4,2,1,0.0,0,11,68.6,67.3,OBS,68.5,67.6,67.4,67.9
2008-11-07,2391,27,3,17,20,20,23,20,20,43,167,2,6,7,7,9,7,7,32,10,0.5,2,0,67.8,66.5,OBS,68.5,67.6,67.4,67.8
2008-11-08,2392,1,40,33,27,33,27,20,23,13,217,27,18,12,18,12,7,9,5,14,0.8,4,0,68.3,67.0,OBS,68.6,67.6,67.4,67.8
2008-11-09,2392,2,40,27,23,23,13,13,23,33,197,27,12,9,9,5,5,9,18,12,0.7,3,0,68.4,67.1,OBS,68.6,67.7,67.4,67.8
2008-11-10,2392,3,13,20,7,7,10,10,0,0,67,5,7,3,3,4,4,0,0,3,0.1,0,0,69.3,67.9,OBS,68.6,67.7,67.4,67.8
2008-11-11,2392,4,0,13,3,7,0,0,0,0,23,0,5,2,3,0,0,0,0,1,0.0,0,20,71.4,70.0,OBS,68.7,67.7,67.4,67.8
2008-11-12,2392,5,10,0,10,7,3,7,3,10,50,4,0,4,3,2,3,2,4,3,0.0,0,23,70.9,69.5,OBS,68.7,67.8,67.4,67.8
2008-11-13,2392,6,7,3,3,3,0,0,0,0,17,3,2,2,2,0,0,0,0,1,0.0,0,15,69.1,67.6,OBS,68.7,67.8,67.4,67.8
2008-11-14,2392,7,0,0,0,0,0,7,3,3,13,0,0,0,0,0,3,2,2,1,0.0,0,13,68.3,66.8,OBS,68.7,67.8,67.4,67.8
2008-11-15,2392,8,13,13,0,0,0,7,20,27,80,5,5,0,0,0,3,7,12,4,0.1,0,13,68.2,66.7,OBS,68.8,67.8,67.4,67.8
2008-11-16,2392,9,37,37,20,17,17,10,20,20,177,22,22,7,6,6,4,7,7,10,0.6,3,13,67.7,66.2,OBS,68.8,67.9,67.3,67.7
2008-11-17,2392,10,23,17,10,0,0,0,7,3,60,9,6,4,0,0,0,3,2,3,0.1,0,11,67.7,66.2,OBS,68.8,67.9,67.4,67.7
2008-11-18,2392,11,3,0,0,0,3,0,7,0,13,2,0,0,0,2,0,3,0,1,0.0,0,0,69.8,68.2,OBS,68.8,67.9,67.4,67.7
2008-11-19,2392,12,0,3,0,0,0,7,7,0,17,0,2,0,0,0,3,3,0,1,0.0,0,0,69.4,67.7,OBS,68.8,67.9,67.3,67.7
2008-11-20,2392,13,0,10,0,0,3,0,7,10,30,0,4,0,0,2,0,3,4,2,0.0,0,0,69.6,67.9,OBS,68.8,68.0,67.3,67.7
2008-11-21,2392,14,3,0,0,0,0,0,3,0,7,2,0,0,0,0,0,2,0,0,0.0,0,0,68.5,66.8,OBS,68.8,68.0,67.3,67.7
2008-11-22,2392,15,0,0,0,0,0,0,3,0,3,0,0,0,0,0,0,2,0,0,0.0,0,0,69.0,67.3,OBS,68.8,68.1,67.2,67.7
2008-11-23,2392,16,17,17,10,3,0,0,3,0,50,6,6,4,2,0,0,2,0,2,0.0,0,0,69.0,67.2,OBS,68.8,68.1,67.2,67.7
2008-11-24,2392,17,0,0,0,0,0,0,0,30,30,0,0,0,0,0,0,0,15,2,0.0,0,0,67.9,66.1,OBS,68.8,68.1,67.2,67.7
2008-11-25,2392,18,37,33,37,23,23,23,27,23,227,22,18,22,9,9,9,12,9,14,0.8,4,0,67.7,66.0,OBS,68.8,68.1,67.1,67.7
2008-11-26,2392,19,37,37,27,13,13,17,20,27,190,22,22,12,5,5,6,7,12,11,0.7,3,0,68.3,66.5,OBS,68.7,68.2,67.1,67.7
2008-11-27,2392,20,33,23,13,17,17,13,27,27,170,18,9,5,6,6,5,12,12,9,0.5,2,0,68.2,66.4,OBS,68.7,68.2,67.0,67.7
2008-11-28,2392,21,13,23,7,3,3,10,13,27,100,5,9,3,2,2,4,5,12,5,0.2,1,0,67.0,65.2,OBS,68.7,68.2,67.0,67.7
2008-11-29,2392,22,7,10,13,10,3,3,3,10,60,3,4,5,4,2,2,2,4,3,0.1,0,0,68.2,66.4,OBS,68.7,68.2,67.0,67.6
2008-11-30,2392,23,7,0,3,0,3,10,3,0,27,3,0,2,0,2,4,2,0,2,0.0,0,0,68.4,66.5,OBS,68.7,68.2,67.0,67.6
2008-12-01,2392,24,0,0,0,0,0,0,0,0,0,0,0,0,0,0,0,0,0,0,0.0,0,0,68.1,66.2,OBS,68.7,68.2,67.0,67.6
2008-12-02,2392,25,0,0,0,0,0,0,0,0,0,0,0,0,0,0,0,0,0,0,0.0,0,0,68.9,67.0,OBS,68.8,68.3,67.0,67.6
2008-12-03,2392,26,7,7,7,7,10,17,13,20,87,3,3,3,3,4,6,5,7,4,0.1,0,0,69.2,67.2,OBS,68.8,68.3,67.0,67.6
2008-12-04,2392,27,20,33,23,23,27,20,10,10,167,7,18,9,9,12,7,4,4,9,0.5,2,0,69.6,67.6,OBS,68.8,68.3,67.0,67.6
2008-12-05,2393,1,13,17,17,37,20,40,13,37,193,5,6,6,22,7,27,5,22,12,0.7,3,0,68.8,66.8,OBS,68.9,68.4,67.0,67.6
2008-12-06,2393,2,37,43,33,23,23,40,30,20,250,22,32,18,9,9,27,15,7,17,0.9,4,0,69.1,67.1,OBS,68.9,68.3,67.1,67.5
2008-12-07,2393,3,20,23,23,23,23,23,13,7,157,7,9,9,9,9,9,5,3,8,0.4,2,0,69.0,67.0,OBS,69.0,68.4,67.1,67.5
2008-12-08,2393,4,3,13,0,3,3,7,13,3,47,2,5,0,2,2,3,5,2,3,0.0,0,0,68.5,66.4,OBS,69.0,68.4,67.1,67.5
2008-12-09,2393,5,0,0,0,0,3,3,3,3,13,0,0,0,0,2,2,2,2,1,0.0,0,0,68.7,66.7,OBS,69.1,68.4,67.2,67.5
2008-12-10,2393,6,0,0,0,3,10,10,17,13,53,0,0,0,2,4,4,6,5,3,0.0,0,11,70.8,68.7,OBS,69.1,68.4,67.2,67.5
2008-12-11,2393,7,17,13,13,7,13,17,10,7,97,6,5,5,3,5,6,4,3,5,0.2,1,10,70.2,68.0,OBS,69.2,68.5,67.2,67.5
2008-12-12,2393,8,10,3,3,13,10,7,3,7,57,4,2,2,5,4,3,2,3,3,0.1,0,11,71.0,68.8,OBS,69.2,68.5,67.2,67.5
2008-12-13,2393,9,13,7,3,3,3,0,3,0,33,5,3,2,2,2,0,2,0,2,0.0,0,0,69.7,67.5,OBS,69.2,68.5,67.2,67.4
2008-12-14,2393,10,7,0,0,0,3,0,0,0,10,3,0,0,0,2,0,0,0,1,0.0,0,0,68.8,66.6,OBS,69.2,68.5,67.2,67.4
2008-12-15,2393,11,7,13,7,3,0,3,3,10,47,3,5,3,2,0,2,2,4,3,0.0,0,0,68.9,66.7,OBS,69.2,68.5,67.2,67.4
2008-12-16,2393,12,7,13,7,10,17,13,23,27,117,3,5,3,4,6,5,9,12,6,0.3,1,0,69.4,67.2,OBS,69.2,68.5,67.2,67.4
2008-12-17,2393,13,27,23,13,3,17,20,13,7,123,12,9,5,2,6,7,5,3,6,0.3,1,0,68.8,66.6,OBS,69.2,68.5,67.2,67.4
2008-12-18,2393,14,0,3,0,0,3,7,7,7,27,0,2,0,0,2,3,3,3,2,0.0,0,0,68.4,66.2,OBS,69.3,68.6,67.2,67.4
2008-12-19,2393,15,7,7,3,13,13,13,7,10,73,3,3,2,5,5,5,3,4,4,0.1,0,0,69.2,67.0,OBS,69.3,68.6,67.2,67.4
2008-12-20,2393,16,3,0,7,7,7,7,3,0,33,2,0,3,3,3,3,2,0,2,0.0,0,0,69.1,66.9,OBS,69.3,68.6,67.2,67.4
2008-12-21,2393,17,3,10,7,3,0,0,0,0,23,2,4,3,2,0,0,0,0,1,0.0,0,0,68.4,66.2,INT,69.3,68.7,67.2,67.4
2008-12-22,2393,18,0,3,0,0,3,33,23,17,80,0,2,0,0,2,18,9,6,5,0.2,1,0,67.7,65.5,OBS,69.3,68.7,67.2,67.4
2008-12-23,2393,19,23,27,17,20,20,27,30,37,200,9,12,6,7,7,12,15,22,11,0.6,3,0,68.6,66.3,OBS,69.3,68.7,67.2,67.4
2008-12-24,2393,20,27,23,17,20,10,17,20,10,143,12,9,6,7,4,6,7,4,7,0.3,1,0,69.4,67.1,OBS,69.3,68.7,67.2,67.4
2008-12-25,2393,21,3,3,0,10,20,7,17,13,73,2,2,0,4,7,3,6,5,4,0.1,0,0,69.3,67.0,OBS,69.3,68.8,67.2,67.4
2008-12-26,2393,22,17,3,0,0,3,3,7,7,40,6,2,0,0,2,2,3,3,2,0.0,0,0,69.2,67.0,OBS,69.3,68.8,67.2,67.3
2008-12-27,2393,23,13,0,0,0,3,3,3,7,30,5,0,0,0,2,2,2,3,2,0.0,0,0,69.4,67.1,OBS,69.3,68.8,67.2,67.4
2008-12-28,2393,24,10,0,3,7,3,7,3,3,37,4,0,2,3,2,3,2,2,2,0.0,0,0,69.8,67.5,OBS,69.3,68.8,67.2,67.4
2008-12-29,2393,25,3,0,0,3,0,3,0,3,13,2,0,0,2,0,2,0,2,1,0.0,0,0,69.8,67.5,OBS,69.4,68.8,67.2,67.3
2008-12-30,2393,26,0,0,0,0,0,0,3,10,13,0,0,0,0,0,0,2,4,1,0.0,0,0,68.5,66.3,OBS,69.4,68.8,67.3,67.3
2008-12-31,2393,27,30,33,30,33,23,23,27,23,223,15,18,15,18,9,9,12,9,13,0.8,4,0,69.3,67.0,OBS,69.4,68.8,67.3,67.3
